timestamp,scenario,seed,planner,step,ego_x,ego_y,ego_speed,ego_accel,ego_steer,ped_x,ped_y,ped_speed,ped_visible,distance_ped,oncoming_dist,ttc,risk_ped,risk_ego,risk_maximin,risk_equality,pavement_viol,oncoming_viol,collision_ped
0.0,S1,1000,BASELINE_TTC,0,1.2711040209966011,-1.5001323373094522,2.9344916401043726,58.68983280208745,-0.0,25.021385737975063,-3.1584632611974683,0.0,False,23.80810666745604,61.53640995348056,8.093491013023886,7.378896478717913e-12,2.1001249993703355,2.1001249993703355,2.1001249993629565,False,False,False
0.05,S1,1000,BASELINE_TTC,1,1.422980491337631,-1.5003474026674724,3.1142772676483115,3.595712550878778,-0.0,25.021385737975063,-3.1584632611974683,0.0,False,23.6565863637346,61.159740873745925,7.577490126451499,1.1003045937989085e-11,2.1135762882784173,2.1135762882784173,2.113576288267414,False,False,False
0.1,S1,1000,BASELINE_TTC,2,1.5856943566038204,-1.5005769410213077,3.358143241504224,4.877319477118247,-0.0,25.021385737975063,-3.1584632611974683,0.0,False,23.4942592471758,60.77224331994702,6.978764661293488,1.6833763932582786e-11,2.1281794617981156,2.1281794617981156,2.128179461781282,False,False,False
0.15000000000000002,S1,1000,BASELINE_TTC,3,1.7624754679339993,-1.500887209151756,3.657381008116893,5.984755332253382,-0.0,25.021385737975063,-3.1584632611974683,0.0,False,23.31790010524398,60.37069169954419,6.359444153732449,2.6630030110282638e-11,2.1442754182121,2.1442754182121,2.14427541818547,False,False,False
0.2,S1,1000,BASELINE_TTC,4,1.9549707436795423,-1.5012161035005533,3.977743189099816,6.407243619658463,-0.0,25.021385737975063,-3.1584632611974683,0.0,False,23.125872282591974,59.95343836654582,5.798869835917077,4.370714358875704e-11,2.1620806077718226,2.1620806077718226,2.1620806077281154,False,False,False
0.25,S1,1000,BASELINE_TTC,5,2.163745257694769,-1.5015768682970076,4.306348386068803,6.572103939379748,-0.0,25.021385737975063,-3.1584632611974683,0.0,False,22.91761333221082,59.519919465890844,5.3078939349695,7.445776123113131e-11,2.181728056722414,2.181728056722414,2.181728056647956,False,False,False
0.30000000000000004,S1,1000,BASELINE_TTC,6,2.3890813292940773,-1.5019673068530892,4.639411235861662,6.6612569958571655,-0.0,25.021385737975063,-3.1584632611974683,0.0,False,22.69284428391382,59.06985327890963,4.878270810256717,1.3160138058931341e-10,2.20333772948168,2.20333772948168,2.2033377293500784,False,False,False
0.35000000000000003,S1,1000,BASELINE_TTC,7,2.6311392211047,-1.502387280386813,4.974796068020999,6.707696643186747,-0.0,25.021385737975063,-3.1584632611974683,0.0,False,22.45140812377797,58.603080190023064,4.5007365549714535,2.411219410126317e-10,2.227031806840022,2.227031806840022,2.2270318065989003,False,False,False
0.4,S1,1000,BASELINE_TTC,8,2.8900104697605844,-1.502835007122627,5.3114983534210145,6.734045708000309,-0.0,25.021385737975063,-3.1584632611974683,0.0,False,22.193216895669412,58.11950926146725,4.166691542690616,4.5745721975982114e-10,2.2529406275372614,2.2529406275372614,2.2529406270798042,False,False,False
0.45,S1,1000,BASELINE_TTC,9,3.1637260436708665,-1.5033085147577765,5.511345946020525,3.996951851990218,-0.0,25.021385737975063,-3.1584632611974683,0.0,False,21.920237784902607,57.621108920071045,3.965938612524686,8.930890000689676e-10,2.2809971538920584,2.2809971538920584,2.280997152998969,False,False,False
0.5,S1,1000,BASELINE_TTC,10,3.443188532066472,-1.5037914149274343,5.652630903133138,2.825699142252258,-0.0,25.021385737975063,-3.145963261197468,0.25,False,21.640594331712872,57.11697103747049,3.817372401574678,1.757128680587027e-09,2.310472588395055,2.310472588395055,2.3104725866379265,False,False,False
0.55,S1,1000,BASELINE_TTC,11,3.7311302384142895,-1.504289740588888,5.835752882894724,3.66243959523171,-0.0,25.021385737975063,-3.133463261197468,0.25,False,21.35249834555268,56.604365586653074,3.648244866907406,3.4966305038580695e-09,2.3416463586994753,2.3416463586994753,2.341646355202845,False,False,False
0.6000000000000001,S1,1000,BASELINE_TTC,12,4.031183966549616,-1.5048078141923895,6.1194916043371785,5.674774428849094,-0.0,25.021385737975063,-3.120963261197468,0.25,False,21.052328347098243,56.07966271263653,3.430056470140212,7.091858170829337e-09,2.375034208835707,2.375034208835707,2.3750342017438486,False,False,False
0.65,S1,1000,BASELINE_TTC,13,4.345303611546653,-1.5053527513723282,6.39689221832777,5.548012279811836,-0.0,25.021385737975063,-3.1084632611974676,0.25,False,20.738137221204905,55.5409106950167,3.232207362692349,1.4708162032645651e-08,2.4110169330384514,2.4110169330384514,2.411016918330289,False,False,False
0.7000000000000001,S1,1000,BASELINE_TTC,14,4.675679331287151,-1.505918683007934,6.750655792849358,7.075271490431749,-0.0,25.021385737975063,-3.0959632611974675,0.25,False,20.407743896564643,54.98592139553425,3.0138859143491112,3.1300774062286076e-08,2.450050346251983,2.450050346251983,2.450050314951209,False,False,False
0.75,S1,1000,BASELINE_TTC,15,5.023005448159662,-1.5064989696114708,7.078457226769857,6.556028678409991,-0.0,25.021385737975063,-3.0834632611974673,0.25,False,20.060459381405362,54.41400164117617,2.825245621910941,6.833482462688123e-08,2.49246535432516,2.49246535432516,2.4924652859903356,False,False,False
0.8,S1,1000,BASELINE_TTC,16,5.3884055649826195,-1.5071641435145864,7.456115401178698,7.553163488176811,-0.0,25.021385737975063,-3.070963261197467,0.25,False,19.695161287828544,53.82403226084098,2.633137916546835,1.5312177784813922e-07,2.538694619926754,2.538694619926754,2.538694466804976,False,False,False
0.8500000000000001,S1,1000,BASELINE_TTC,17,5.769206453999281,-1.5078280119288365,7.7093815918557045,5.065323813540132,-0.0,25.021385737975063,-3.058463261197467,0.25,False,19.314525022858334,53.21868257959638,2.497240414758305,3.4937654883615455e-07,2.5887253215300947,2.5887253215300947,2.5887249721535457,False,False,False
0.9,S1,1000,BASELINE_TTC,18,6.160859392180832,-1.5084816656337523,7.901237800868698,3.8371241802598632,-0.0,25.021385737975063,-3.0459632611974667,0.25,False,18.923089168978077,52.602498766121066,2.387034388930886,8.02460088145315e-07,2.6422747128396162,2.6422747128396162,2.642273910379528,False,False,False
0.9500000000000001,S1,1000,BASELINE_TTC,19,6.558053831453231,-1.5091707678748776,7.9639180367629,1.2536047178840448,-0.0,25.021385737975063,-3.0334632611974666,0.25,False,18.526146191142576,51.98079009548326,2.3183729191199256,1.8326662908808102e-06,2.698888343216529,2.698888343216529,2.6988865105502384,False,False,False
1.0,S1,1000,BASELINE_TTC,20,6.957202059934163,-1.5098626955220595,7.990446043761362,0.5305601399692428,-0.0,25.021385737975063,-3.0209632611974664,0.25,False,18.127276598363686,51.35714101731398,2.260722815611117,4.128815462185997e-06,2.7582742354421517,2.7582742354421517,2.7582701066266897,False,False,False
1.05,S1,1000,BASELINE_TTC,21,7.355014703786276,-1.5105532373282529,7.930447805372777,-1.199964767771693,-0.0,25.021385737975063,-3.008463261197466,0.25,False,17.729760290461694,50.734838705799135,2.2276637420424157,9.114494395086425e-06,2.8201170901841883,2.8201170901841883,2.820107975689793,False,False,False
1.1,S1,1000,BASELINE_TTC,22,7.749805062495955,-1.51123870099471,7.873237559178623,-1.1442049238830876,-0.0,25.021385737975063,-2.995963261197466,0.25,True,17.33527923193776,50.115568730100286,2.1937075498685914,1.965511914796407e-05,2.884291584290271,2.884291584290271,2.884271929171123,False,False,False
1.1500000000000001,S1,1000,BASELINE_TTC,23,8.140061964084854,-1.5119153557214702,7.76092477387856,-2.246255706001268,-0.0,25.021385737975063,-2.983463261197466,0.25,True,16.945339937487873,49.500841143511394,2.1751691023611976,4.130439691188138e-05,2.950663733182826,2.950663733182826,2.950622428785914,False,False,False
1.2000000000000002,S1,1000,BASELINE_TTC,24,8.525686233083581,-1.512584694797681,7.682736773235164,-1.5637600128679097,-0.0,25.021385737975063,-2.9709632611974657,0.25,True,16.560041370679347,48.89075528821763,2.147112414726819,8.461974148720268e-05,3.0193161285531764,3.0193161285531764,3.0192315088116892,False,False,False
1.25,S1,1000,BASELINE_TTC,25,8.906395467837775,-1.5132455780671137,7.571729499018657,-2.2201454843301427,-0.0,25.021385737975063,-2.9584632611974655,0.25,True,16.179665186840303,48.28559346236998,2.128310351317475,0.00016902107370965637,3.090298805482538,3.090298805482538,3.0901297844088287,False,False,False
1.3,S1,1000,BASELINE_TTC,26,9.28312079463473,-1.5139003091205723,7.5132569897459405,-1.1694501854543304,-0.0,25.021385737975063,-2.9459632611974653,0.25,True,15.80328408038932,47.68442564059766,2.0947326791589647,0.000329899756063802,3.163899335458142,3.163899335458142,3.1635694357020783,False,False,False
1.35,S1,1000,BASELINE_TTC,27,9.65627428712571,-1.5145473053105718,7.432123956581586,-1.6226606632870855,-0.0,25.021385737975063,-2.933463261197465,0.25,True,15.430488404029612,47.08684030377787,2.067391709370326,0.0006299670199511973,3.240338133881925,3.240338133881925,3.239708166861974,False,False,False
1.4000000000000001,S1,1000,BASELINE_TTC,28,10.02701608374423,-1.5151913278235725,7.406372925051552,-0.5150206306006844,-0.0,25.021385737975063,-2.920963261197465,0.25,True,15.060123374540469,46.49167888958718,2.024522638269185,0.0011797257378230992,3.320025922531704,3.320025922531704,3.318846196793881,False,False,False
1.4500000000000002,S1,1000,BASELINE_TTC,29,10.396010139742703,-1.5158322102988109,7.365326778301761,-0.8209229349958136,-0.0,25.021385737975063,-2.908463261197465,0.25,True,14.691529281640411,45.898278460141114,1.9857062746107461,0.0021695503928237086,3.403321672066065,3.403321672066065,3.4011521216732414,False,False,False
1.5,S1,1000,BASELINE_TTC,30,10.764195196718159,-1.516471591429422,7.355748553372636,-0.19156449858250824,-0.0,25.021385737975063,-2.8959632611974646,0.25,True,14.32377322484075,45.30570172858841,1.93823788806918,0.0039248513071347335,3.490700335389867,3.490700335389867,3.4867754840827323,False,False,False
1.55,S1,1000,BASELINE_TTC,31,11.128984006737168,-1.517105582655546,7.250625577327195,-2.1024595209088126,-0.0,25.021385737975063,-2.8834632611974644,0.25,True,13.95943262342034,44.71653368500201,1.9160280148349715,0.006957449278095147,3.5818074665952286,3.5818074665952286,3.5748500173171336,False,False,False
1.6,S1,1000,BASELINE_TTC,32,11.488750921155402,-1.5177304161094867,7.156088260995883,-1.8907463266262425,-0.0,25.021385737975063,-2.8709632611974643,0.25,True,13.600126625087892,44.13239846047363,1.891065945983229,0.012060570947698758,3.676436358156104,3.676436358156104,3.6643757872084053,False,False,False
1.6500000000000001,S1,1000,BASELINE_TTC,33,11.841748211115664,-1.5183434284455188,6.993905178289476,-3.243661654128136,-0.0,25.021385737975063,-2.858463261197464,0.25,True,13.247594744161507,43.55504200342484,1.8844461271467778,0.020404530528753885,3.774270044155453,3.774270044155453,3.753865513626699,False,False,False
1.7000000000000002,S1,1000,BASELINE_TTC,34,12.187556105316986,-1.5189435303645382,6.864504151055107,-2.5880205446873816,-0.0,25.021385737975063,-2.845963261197464,0.25,True,12.902254237384739,42.98488363585329,1.8695931053789887,0.0336986264231428,3.875291796306666,3.875291796306666,3.8415931698835233,False,False,False
1.75,S1,1000,BASELINE_TTC,35,12.525106131351171,-1.5195294225169391,6.674675388644527,-3.7965752482116066,-0.0,25.021385737975063,-2.8334632611974637,0.25,True,12.565167175145499,42.42299057666325,1.8721928601776692,0.054292548072012316,3.979254657184537,3.979254657184537,3.9249621091125246,False,False,False
1.8,S1,1000,BASELINE_TTC,36,12.854512730595644,-1.5200997118943462,6.530930410202412,-2.874899568842295,-0.0,25.021385737975063,-2.8209632611974635,0.25,True,12.236218564229858,41.86924836077671,1.8629616675095353,0.08542428189556663,4.086229723467429,4.086229723467429,4.000805441571862,False,False,False
1.85,S1,1000,BASELINE_TTC,37,13.175005133493162,-1.5206557696602658,6.3293812207849065,-4.030983788350113,-0.0,25.021385737975063,-2.8084632611974634,0.25,True,11.916173108909769,41.3244268075145,1.8716490903691896,0.1312451876931166,4.195977982445958,4.195977982445958,4.0647327947528415,False,False,False
1.9000000000000001,S1,1000,BASELINE_TTC,38,13.487033607872206,-1.5211974555992356,6.182169872131071,-2.9442269730767023,-0.0,25.021385737975063,-2.795963261197463,0.25,True,11.604581290177203,40.78807601396087,1.8657449356251385,0.19720167536371772,4.308643177184077,4.308643177184077,4.11144150182036,False,False,False
1.9500000000000002,S1,1000,BASELINE_TTC,39,13.789987576225654,-1.521723141940555,5.977386135479615,-4.095674733029124,-0.0,25.021385737975063,-2.783463261197463,0.25,True,11.302048168199002,40.260805550594,1.8789815325939656,0.2898106337320112,4.423976898336611,4.423976898336611,4.1341662646046,False,False,False
2.0,S1,1000,BASELINE_TTC,40,14.084485254896071,-1.5222347449413292,5.832416705189099,-2.8993886058103158,-0.0,25.021385737975063,-2.770963261197463,0.25,True,11.007956898720339,39.741997862399366,1.8751918862979104,0.4172717113002765,4.542168947428603,4.542168947428603,4.1248972361283265,False,False,False
2.0500000000000003,S1,1000,BASELINE_TTC,41,14.369984733555361,-1.5227298963642397,5.628860767706877,-4.0711187496444445,-0.0,25.021385737975063,-2.7584632611974627,0.25,True,10.722843853470733,39.232193827422854,1.8922836154568698,0.5887166999502609,4.662942096635695,4.662942096635695,4.074225396685434,False,False,False
2.1,S1,1000,BASELINE_TTC,42,14.647218728737775,-1.5232115029182012,5.489171286339769,-2.7937896273421714,-0.0,25.021385737975063,-2.7459632611974625,0.25,True,10.445978316937211,38.73066161135307,1.8899331917468514,0.8152962957571284,4.786531091963834,4.786531091963834,3.971234796206706,False,False,False
2.15,S1,1000,BASELINE_TTC,43,14.915675873694136,-1.5236778736194765,5.2893478965821386,-3.9964677951526006,-0.0,25.021385737975063,-2.7334632611974623,0.25,True,10.177865814846552,38.23791156848078,1.9105776481087615,1.1084818167058266,4.912621261626825,4.912621261626825,3.804139444920998,False,False,False
2.2,S1,1000,BASELINE_TTC,44,15.139538967492314,-1.5240660238076202,3.9457717302759154,-26.87152332612446,-0.0,25.021385737975063,-2.720963261197462,0.25,True,9.95406743960336,37.789705775576415,2.504414204871335,1.423753317697611,5.023072256982052,5.023072256982052,3.5993189392844407,False,False,False
2.25,S1,1000,BASELINE_TTC,45,15.303402765682595,-1.5243506583202446,3.1238814425580728,-16.43780575435685,-0.0,25.021385737975063,-2.708463261197462,0.25,True,9.789857798050951,37.401421370987514,3.1108680502082824,1.7047451292623115,5.107326483327922,5.107326483327922,3.4025813540656107,False,False,False
2.3000000000000003,S1,1000,BASELINE_TTC,46,15.462332461946865,-1.5246273075401717,3.217942068820808,1.8812125252547052,-0.0,25.021385737975063,-2.6959632611974618,0.25,True,9.630551772887973,37.01807541273695,2.970548590245767,2.024439233700518,5.191810519181311,5.191810519181311,3.1673712854807925,False,False,False
2.35,S1,1000,BASELINE_TTC,47,15.627562423633442,-1.5249154352234768,3.3646137305131414,2.9334332338466673,-0.0,25.021385737975063,-2.6834632611974616,0.25,True,9.464996013001656,36.628451684408255,2.791947030694949,2.4131304523160315,5.282622404839596,5.282622404839596,2.869491952523565,False,False,False
2.4000000000000004,S1,1000,BASELINE_TTC,48,15.80228662735803,-1.5252192217274256,3.5867523174448404,4.442771738633979,-0.0,25.021385737975063,-2.6709632611974614,0.25,True,9.2900224873442,36.22936247900811,2.5703194128510694,2.8957313962166586,5.382118296066023,5.382118296066023,2.486386899849365,False,False,False
2.45,S1,1000,BASELINE_TTC,49,15.990397467969622,-1.525547554427618,3.8751271120327857,5.767495891758907,-0.0,25.021385737975063,-2.6584632611974612,0.25,True,9.101771647960724,35.81692359966216,2.3305011703907774,3.5098948915975163,5.493435996189009,5.493435996189009,1.983541104591493,False,False,False
2.5,S1,1000,BASELINE_TTC,50,16.19353957945406,-1.5259003938334104,4.18412041136005,6.179865986545288,-0.0,25.021385737975063,-2.645963261197461,0.25,True,8.89861835485497,35.389495162467824,2.10984515038168,4.300553719594373,5.618849804107023,5.618849804107023,1.3182960845126495,False,False,False
2.5500000000000003,S1,1000,BASELINE_TTC,51,16.41250673021489,-1.5262805710847687,4.50593843090323,6.436360390863598,-0.0,25.021385737975063,-2.633463261197461,0.25,True,8.67978405719514,34.94628735076234,1.9105629470473025,5.325212025735848,5.760511974782633,5.760511974782633,0.4352999490467857,False,False,False
2.6,S1,1000,BASELINE_TTC,52,16.6467684975843,-1.5266873424040739,4.787405294973834,5.629337281412088,-0.0,25.021385737975063,-2.6209632611974607,0.25,True,8.44580687143042,34.487832433595834,1.7493019129136702,6.652970881185768,5.920097482827212,6.652970881185768,0.7328733983585556,False,False,False
2.6500000000000004,S1,1000,BASELINE_TTC,53,16.891539625180336,-1.5271138194091662,4.947967519588198,3.211244492287264,-0.0,25.021385737975063,-2.6084632611974605,0.25,True,8.201445874538184,34.01890976302785,1.6430678011951352,8.339974263286708,6.096486005623424,8.339974263286708,2.2434882576632837,False,False,False
2.7,S1,1000,BASELINE_TTC,54,17.140248863009504,-1.5275461477879162,4.97755460882152,0.5917417846664463,-0.0,25.021385737975063,-2.5959632611974603,0.25,True,7.953227871133096,33.546080279036936,1.5833350900858298,10.42108637443942,6.286755617989919,10.42108637443942,4.1343307564495015,False,False,False
2.75,S1,1000,BASELINE_TTC,55,17.387721691679246,-1.52797559703653,4.924843818543614,-1.054215805558112,-0.0,25.021385737975063,-2.58346326119746,0.25,True,7.706288404991428,33.07450988492793,1.5500317020313672,12.918520622262129,6.488207730146017,12.918520622262129,6.430312892116112,False,False,False
2.8000000000000003,S1,1000,BASELINE_TTC,56,17.631103774561208,-1.528399145487839,4.82798158960426,-1.9372445787870873,-0.0,25.021385737975063,-2.57096326119746,0.25,True,7.463458141781565,32.60704808205644,1.530718754049686,15.852235307662568,6.699307351922087,15.852235307662568,9.15292795574048,False,False,False
2.85,S1,1000,BASELINE_TTC,57,17.868891554986785,-1.528812397444213,4.707862580700897,-2.402380178067265,-0.0,25.021385737975063,-2.55846326119746,0.25,True,7.226226812030533,32.1451955788842,1.5192657093069675,19.23850022298155,6.919240331172259,19.23850022298155,12.319259891809292,False,False,False
2.9000000000000004,S1,1000,BASELINE_TTC,58,18.100291323366697,-1.5292149052258708,4.576066999299684,-2.6359116280242567,-0.0,25.021385737975063,-2.5459632611974596,0.25,True,6.995378840012458,31.68974458738207,1.5124547817301544,23.087791732866012,7.147575727279833,23.087791732866012,15.94021600558618,False,False,False
2.95,S1,1000,BASELINE_TTC,59,18.324936686145268,-1.5296037854022444,4.439046321145735,-2.740413563078974,-0.0,25.021385737975063,-2.5334632611974595,0.25,True,6.771274898488173,31.24106054775614,1.5085332675919036,27.404352057299995,7.384133822592778,27.404352057299995,20.020218234707215,False,False,False
3.0,S1,1000,BASELINE_TTC,60,18.5426903677787,-1.5299829023667542,4.300399061308103,-2.772945196752641,-0.0,25.021385737975063,-2.5209632611974593,0.25,True,6.5540472817482796,30.79928060709565,1.506533528129285,32.185450432634276,7.628873862298808,32.185450432634276,24.55657657033547,False,False,False
3.0500000000000003,S1,1000,BASELINE_TTC,61,18.75352181292522,-1.530351102173782,4.162118609263669,-2.765609040888677,-0.0,25.021385737975063,-2.508463261197459,0.25,True,6.343723006135368,30.364435053825567,1.5059311166912432,37.420580901995116,7.8818069376046545,37.420580901995116,29.53877396439046,False,False,False
3.1,S1,1000,BASELINE_TTC,62,18.957495804650456,-1.5307048783073043,4.02529779628406,-2.7364162595921826,-0.0,25.021385737975063,-2.495963261197459,0.25,True,6.140234919709116,29.936458861428456,1.5064450483446135,43.09257298595279,8.143010919583622,43.09257298595279,34.94956206636917,False,False,False
3.1500000000000004,S1,1000,BASELINE_TTC,63,19.154688719545973,-1.5310466389393298,3.8904966205674087,-2.696023514333028,-0.0,25.021385737975063,-2.4834632611974587,0.25,True,5.943503287489489,29.515275822061607,1.5079558191656937,49.176718137176714,8.412546873700778,49.176718137176714,40.76417126347594,False,False,False
3.2,S1,1000,BASELINE_TTC,64,19.34523832719536,-1.5313925407419902,3.7583964813124386,-2.642002785099402,-0.0,25.021385737975063,-2.4709632611974586,0.25,True,5.753385313677359,29.10074944798525,1.510257749282902,55.64343620397469,8.69053561928773,55.64343620397469,46.95290058468696,False,False,False
3.25,S1,1000,BASELINE_TTC,65,19.529311023416227,-1.5316817168389747,3.6300453110901545,-2.567023404445683,-0.0,25.021385737975063,-2.4584632611974584,0.25,True,5.5697224976887325,28.69270931949223,1.5129493556953666,62.45831272159581,8.977107929658704,62.45831272159581,53.4812047919371,False,False,False
3.3000000000000003,S1,1000,BASELINE_TTC,66,19.706970577296683,-1.5320242075218715,3.5024152283725822,-2.552601654351445,-0.0,25.021385737975063,-2.445963261197458,0.25,True,5.392429238653173,28.291099428627717,1.517357256109166,69.579670005233,9.27225889986609,69.579670005233,60.30741110536691,False,False,False
3.35,S1,1000,BASELINE_TTC,67,19.87830141833581,-1.5322848513475975,3.376400931387695,-2.5202859396977484,-0.0,25.021385737975063,-2.433463261197458,0.25,True,5.221440303718763,27.895825739454047,1.5232445506776517,76.96091249862125,9.575901876037822,76.96091249862125,67.38501062258344,False,False,False
3.4000000000000004,S1,1000,BASELINE_TTC,68,20.043383510795053,-1.5326114475594323,3.2520966718938134,-2.4860851898776293,-0.0,25.021385737975063,-2.420963261197458,0.25,True,5.0566466278160185,27.506819018337342,1.5307054892317022,84.55444512593107,9.887975901846865,84.55444512593107,74.66646922408421,False,False,False
3.45,S1,1000,BASELINE_TTC,69,20.202304533092903,-1.5328458593937029,3.1295364189561123,-2.45120505875402,-0.0,25.021385737975063,-2.4084632611974577,0.25,True,4.897984227576692,27.12398002429945,1.539870626106857,92.3089880985833,10.20828113706234,92.3089880985833,82.10070696152096,False,False,False
3.5,S1,1000,BASELINE_TTC,70,20.35515259412888,-1.5331566723376824,3.008707309726465,-2.4165821845929436,-0.0,25.021385737975063,-2.3959632611974575,0.25,True,4.745331069852604,26.747233253305215,1.5509096311101158,100.17552314189626,10.536672629156108,100.17552314189626,89.63885051274016,False,False,False
3.5500000000000003,S1,1000,BASELINE_TTC,71,20.50200723944625,-1.533365440075741,2.8895946683348104,-2.3822528278330957,-0.0,25.021385737975063,-2.3834632611974573,0.25,True,4.598635484406264,26.37648570691377,1.5640181469234227,108.10196634876974,10.87279045480935,108.10196634876974,97.22917589396039,False,False,False
3.6,S1,1000,BASELINE_TTC,72,20.642949386097467,-1.533658573906152,2.7721607894829323,-2.348677577037561,-0.0,25.021385737975063,-2.370963261197457,0.25,True,4.457777924796522,26.011670769814447,1.5794308787890579,116.04118288775672,11.21635057724018,116.04118288775672,104.82483231051654,False,False,False
3.6500000000000004,S1,1000,BASELINE_TTC,73,20.77808489796859,-1.5338417146483891,2.6563915324911407,-2.3153851398358327,-0.0,25.021385737975063,-2.358463261197457,0.25,True,4.3226846650932815,25.65266758264607,1.5973928497005645,123.94576796619839,11.56688582994777,123.94576796619839,112.37888213625062,False,False,False
3.7,S1,1000,BASELINE_TTC,74,20.907476059656133,-1.5341193817201741,2.5422477109980135,-2.2828764298625437,-0.0,25.021385737975063,-2.345963261197457,0.25,True,4.193249733322698,25.299429941026347,1.6182174775973843,131.77300029549534,11.923926114550872,131.77300029549534,119.84907418094447,False,False,False
3.75,S1,1000,BASELINE_TTC,75,21.031205406840005,-1.534279666260474,2.4297297919395224,-2.2503583811698213,-0.0,25.021385737975063,-2.3334632611974566,0.25,True,4.069426678709604,24.951858413299384,1.642232129832804,139.47985505536266,12.286743059308483,139.47985505536266,127.19311199605418,False,False,False
3.8000000000000003,S1,1000,BASELINE_TTC,76,21.14935848174575,-1.5345417772152956,2.318821618760295,-2.2181634635845526,-0.0,25.021385737975063,-2.3209632611974564,0.25,True,3.951082614101027,24.609885252173477,1.6698254082603403,147.03231411226105,12.654759437718386,147.03231411226105,134.37755467454267,False,False,False
3.85,S1,1000,BASELINE_TTC,77,21.262017467167716,-1.5346795049624973,2.2095443882830597,-2.185544609544703,-0.0,25.021385737975063,-2.3084632611974563,0.25,True,3.838175490642149,24.27340972538693,1.7014223795379768,154.39456356109204,13.027022897182514,154.39456356109204,141.36754066390952,False,False,False
3.9000000000000004,S1,1000,BASELINE_TTC,78,21.36926443291787,-1.5349259766199737,2.101912173277323,-2.15264430011473,-0.0,25.021385737975063,-2.295963261197456,0.25,True,3.730572043985979,23.942369205591678,1.7375232664278106,161.54070705385146,13.402770248226286,161.54070705385146,148.13793680562517,False,False,False
3.95,S1,1000,BASELINE_TTC,79,21.471169780058958,-1.5350414408049602,1.995994614935729,-2.118351166831882,-0.0,25.021385737975063,-2.283463261197456,0.25,True,3.6282459355839958,23.6166730337827,1.7786701083010799,168.44182807364425,13.780763732035187,168.44182807364425,154.66106434160906,False,False,False
4.0,S1,1000,BASELINE_TTC,80,21.56784643957887,-1.5352725725739305,1.8918573525785896,-2.08274524714279,-0.0,25.021385737975063,-2.2709632611974557,0.25,True,3.531030228544388,23.29622954088566,1.8254755273641756,175.08241304699757,14.160173310272599,175.08241304699757,160.92223973672498,False,False,False
4.05,S1,1000,BASELINE_TTC,81,21.652301329311804,-1.5356755495319732,1.3375701989713666,-11.085743072144458,-0.0,25.021385737975063,-2.2584632611974556,0.25,True,3.4457440167302744,22.988009469212265,2.518809413707176,180.96680351261045,14.510654232361073,180.96680351261045,166.45614928024938,False,False,False
4.1000000000000005,S1,1000,BASELINE_TTC,82,21.687946739923373,-1.5360447030841726,0.6069171445177347,-14.613061089072637,-0.0,25.021385737975063,-2.2459632611974554,0.25,True,3.408195990973157,22.728432817343514,5.492411984341767,183.57272988212642,14.67051781424204,183.57272988212642,168.9022120678844,False,False,False
4.15,S1,1000,BASELINE_TTC,83,21.720545330357076,-1.5360330448907433,0.6774197125874089,1.4100513613934829,-0.0,25.021385737975063,-2.233463261197455,0.25,True,3.3737155041854523,22.47188069277879,4.872666599869682,185.97313889681482,14.82045535196127,185.97313889681482,171.15268354485355,False,False,False
4.2,S1,1000,BASELINE_TTC,84,21.7601645305009,-1.5361529378299252,0.8555750516914931,3.563106782081684,-0.0,25.021385737975063,-2.220963261197455,0.25,True,3.332345861862176,22.20837379524317,3.8117301352191677,188.86167709058026,15.004444938395165,188.86167709058026,173.8572321521851,False,False,False
4.25,S1,1000,BASELINE_TTC,85,21.810859413960227,-1.5362017677173299,1.1134660539657761,5.1578200454856615,-0.0,25.021385737975063,-2.208463261197455,0.25,True,3.2801546903779317,21.933859194762316,2.8833625529759668,192.51765969902368,15.243183544566039,192.51765969902368,177.27447615445763,False,False,False
4.3,S1,1000,BASELINE_TTC,86,21.874055196415785,-1.5361019145084072,1.3951578384213874,5.633835689112225,-0.0,25.021385737975063,-2.1959632611974547,0.25,True,3.2157590915188434,21.646915090455565,2.255895680678297,197.04403582988252,15.548428404313201,197.04403582988252,181.49560742556932,False,False,False
4.3500000000000005,S1,1000,BASELINE_TTC,87,21.95185222588239,-1.5360739069101612,1.6910120206081303,5.917083643734857,-0.0,25.021385737975063,-2.1834632611974545,0.25,True,3.1370605601270265,21.345476822622963,1.8152050220132623,202.59373266746312,15.93848733286022,202.59373266746312,186.6552453346029,False,False,False
4.4,S1,1000,BASELINE_TTC,88,22.045461557730533,-1.5361756256646544,1.9673762202654714,5.527283993146823,-0.0,25.021385737975063,-2.1709632611974543,0.25,True,3.0428736531097376,21.028352065365965,1.512636042659379,209.25211510109116,16.43183572505592,209.25211510109116,192.82027937603524,False,False,False
4.45,S1,1000,BASELINE_TTC,89,22.149541890948154,-1.5362889339843946,2.137530204205275,3.403079678796068,-0.0,25.021385737975063,-2.158463261197454,0.25,True,2.938466943007755,20.700853772863137,1.343533692004436,216.63931386035347,17.015675510312537,216.63931386035347,199.62363835004092,False,False,False
4.5,S1,1000,BASELINE_TTC,90,22.25847220479909,-1.5364032407100865,2.194891675019317,1.1472294162808439,-0.0,25.021385737975063,-2.145963261197454,0.25,True,2.829355864924646,20.368580879197754,1.258792661442691,224.3476342008787,17.671866808925305,224.3476342008787,206.6757673919534,False,False,False
4.55,S1,1000,BASELINE_TTC,91,22.36811208342091,-1.5365100548447401,2.186128459700324,-0.17526430637985868,-0.0,25.021385737975063,-2.1334632611974538,0.25,True,2.719598171886047,20.035656443514647,1.2136860680720767,232.06844847376985,18.38506898440989,232.06844847376985,213.68337948935996,False,False,False
4.6000000000000005,S1,1000,BASELINE_TTC,92,22.47605410322868,-1.5366248995979817,2.138721816059833,-0.9481328728098237,-0.0,25.021385737975063,-2.1209632611974536,0.25,True,2.611544457151256,19.704479725337247,1.1901181423564693,239.615397945249,19.14575869581074,239.615397945249,220.46963924943825,False,False,False
4.65,S1,1000,BASELINE_TTC,93,22.5809049472208,-1.5367263495294026,2.06884413939115,-1.3975535333736566,-0.0,25.021385737975063,-2.1084632611974534,0.25,True,2.5065573175581415,19.376436162924854,1.1796349199473681,246.8762172709494,19.947678694500954,246.8762172709494,226.92853857644846,False,False,False
4.7,S1,1000,BASELINE_TTC,94,22.681837066258268,-1.5368343482580826,1.9859734389771264,-1.6574140082804734,-0.0,25.021385737975063,-2.0959632611974532,0.25,True,2.4054340831992427,19.052351983325458,1.1780362344230428,253.78372428615896,20.786269035275197,253.78372428615896,232.99745525088377,False,False,False
4.75,S1,1000,BASELINE_TTC,95,22.778399651421402,-1.5369271081657843,1.8958480672492382,-1.8025074345577652,-0.0,25.021385737975063,-2.083463261197453,0.25,True,2.308611780062633,18.7326739038013,1.183104345385703,260.3011831189567,21.658037281020672,260.3011831189567,238.64314583793603,False,False,False
4.800000000000001,S1,1000,BASELINE_TTC,96,22.86990464290342,-1.5369557842583248,1.7588983840133205,-2.738993664718352,-0.0,25.021385737975063,-2.070963261197453,0.25,True,2.2167622533500437,18.418080923359444,1.2231980622795022,266.38195936400535,22.55541834693295,266.38195936400535,243.8265410170724,False,False,False
4.8500000000000005,S1,1000,BASELINE_TTC,97,22.92184496711863,-1.5367549467770516,0.5150473461757814,-24.87702075675078,-0.0,25.021385737975063,-2.0584632611974527,0.25,True,2.1633887800910396,18.1428427927605,4.076403434452172,269.86429169013223,23.111888376298182,269.86429169013223,246.75240331383407,False,False,False
4.9,S1,1000,BASELINE_TTC,98,22.9270378366587,-1.53673412855251,0.10576742243414183,-8.18559847483279,-0.0,25.021385737975063,-2.0459632611974525,0.25,True,2.155367124478465,17.9141213314562,19.80144597567789,270.3841842314779,23.197904167763774,270.3841842314779,247.18628006371412,False,False,False
4.95,S1,1000,BASELINE_TTC,99,22.93661991942288,-1.5367528666207875,0.26041819505651387,3.0930154524474407,-0.0,25.021385737975063,-2.0334632611974524,0.25,True,2.1431214931226026,17.681082605273243,8.005453759096067,271.17603055351054,23.33045520772052,271.17603055351054,247.84557534579002,False,False,False
5.0,S1,1000,BASELINE_TTC,100,22.954442731780453,-1.536864462463825,0.38919806275379487,2.57559735394562,-0.0,25.021385737975063,-2.020963261197452,0.25,True,2.122876595045541,17.439911723403764,5.310774137902504,272.4802700346457,23.552947032668836,272.4802700346457,248.92732300197684,False,False,False
5.050000000000001,S1,1000,BASELINE_TTC,101,22.982004760610803,-1.536867857511325,0.6658366531878244,5.5327718086805895,-0.0,25.021385737975063,-2.008463261197452,0.25,True,2.093197791803987,17.1891038789336,3.0628848195729708,274.38103137996944,23.88689697446525,274.38103137996944,250.49413440550418,False,False,False
5.1000000000000005,S1,1000,BASELINE_TTC,102,23.02318457694121,-1.5371395566242398,0.9278772279439123,5.240811495121758,-0.0,25.021385737975063,-1.995963261197452,0.25,True,2.0502017149137624,16.92486156763755,2.1535189148479033,277.1101231901958,24.38784419907831,277.1101231901958,252.7222789911175,False,False,False
5.15,S1,1000,BASELINE_TTC,103,23.079640212744316,-1.5374492842360326,1.2384913227331835,6.212281895785425,-0.0,25.021385737975063,-1.983463261197452,0.25,True,1.992311258914774,16.64552453622906,1.5678313522177743,280.73642985824176,25.096480169085304,280.73642985824176,255.63994968915645,False,False,False
5.2,S1,1000,BASELINE_TTC,104,23.144504853740862,-1.5372486274889923,1.2273667201772256,-0.2224920511191586,-0.0,25.021385737975063,-1.9709632611974521,0.25,True,1.9263411528326484,16.357852996739588,1.5291932340834435,284.7974259247551,25.955942397054613,284.7974259247551,258.84148352770046,False,False,False
5.25,S1,1000,BASELINE_TTC,105,23.19257732061309,-1.5364869056092374,0.6118362280459652,-12.310609842625208,-0.0,25.021385737975063,-1.9584632611974522,0.25,True,1.8768602164491408,16.0868461012507,2.9890489211511366,287.79053806626695,26.640236476745045,287.79053806626695,261.1503015895219,False,False,False
5.300000000000001,S1,1000,BASELINE_TTC,106,23.199643779843207,-1.5363115797067337,0.13912183701778172,-9.45428782056367,-0.0,25.021385737975063,-1.9459632611974522,0.25,True,1.867232781997537,15.85665138358244,13.094579522401014,288.3674322044143,26.777593282456603,288.3674322044143,261.58983892195766,False,False,False
5.3500000000000005,S1,1000,BASELINE_TTC,107,23.215907067587196,-1.5364702440582647,0.4328528967935755,5.874621195515877,-0.0,25.021385737975063,-1.9334632611974523,0.25,True,1.8486093921872233,15.61743720955926,4.171113751951825,289.47820387636204,27.04735798233795,289.47820387636204,262.4308458940241,False,False,False
5.4,S1,1000,BASELINE_TTC,108,23.24497758172115,-1.5366777687668787,0.6681478778155467,4.705899620439424,-0.0,25.021385737975063,-1.9209632611974523,0.25,True,1.8174986319934407,15.365599213667549,2.658705078974026,291.31828049054496,27.51033707528009,291.31828049054496,263.80794341526484,False,False,False
5.45,S1,1000,BASELINE_TTC,109,23.28551527712309,-1.5369066440323707,0.8932894462652227,4.502831368993518,-0.0,25.021385737975063,-1.9084632611974524,0.25,True,1.7751902930721548,15.102476343226463,1.9432340414515363,293.788729016123,28.1659944824674,293.788729016123,265.6227345336556,False,False,False
5.5,S1,1000,BASELINE_TTC,110,23.30578043716995,-1.5368716387115313,0.006362158100144171,-17.73854576330157,-0.0,25.021385737975063,-1.8959632611974524,0.25,True,1.7527830274994598,14.859484197352934,999.0,295.0818250905632,28.526063531851154,295.0818250905632,266.55576155871205,False,False,False
5.550000000000001,S1,1000,BASELINE_TTC,111,23.30792905785227,-1.5368834889430332,0.15155163800085067,2.9037895980141295,-0.0,25.021385737975063,-1.8834632611974524,0.25,True,1.7481565528273912,14.634514496209524,11.306091459817642,295.34746918869797,28.601557405789663,295.34746918869797,266.7459117829083,False,False,False
5.6000000000000005,S1,1000,BASELINE_TTC,112,23.327472798447303,-1.5369941166231769,0.5279442365975628,7.5278519719342425,-0.0,25.021385737975063,-1.8709632611974525,0.25,True,1.7265214844383632,14.39240690052004,3.208507304567816,296.5835327276203,28.95996397998197,296.5835327276203,267.62356874763833,False,False,False
5.65,S1,1000,BASELINE_TTC,113,23.364358257684053,-1.5372043624993523,0.8744877509374469,6.930870286797681,-0.0,25.021385737975063,-1.8584632611974525,0.25,True,1.6878825049251176,14.133236591771613,1.8948549919820876,298.7652959242989,29.622915015768964,298.7652959242989,269.14238090852996,False,False,False
5.7,S1,1000,BASELINE_TTC,114,23.41498860509765,-1.5372667094355563,0.9122859492346046,0.7559639659431538,-0.0,25.021385737975063,-1.8459632611974526,0.25,True,1.6357888951776307,13.86055078608791,1.7608482671745156,301.65298606746774,30.566291376229504,301.65298606746774,271.0866946912382,False,False,True
5.75,S1,1000,BASELINE_TTC,115,23.427815179105302,-1.5374810822102347,0.0006332437397554522,-18.23305410989698,-0.0,25.021385737975063,-1.8334632611974526,0.25,True,1.620824659355386,13.62538414169324,999.0,302.4707800768992,30.848494136241342,302.4707800768992,271.62228594065783,False,False,True
5.800000000000001,S1,1000,BASELINE_TTC,116,23.428834204933025,-1.5374888485088576,0.10459583628596457,2.079251850924182,-0.0,25.021385737975063,-1.8209632611974527,0.25,True,1.6175840404886812,13.401950196825677,15.225764137379315,302.6471794930345,30.91029507492836,302.6471794930345,271.7368844181062,False,False,True
5.8500000000000005,S1,1000,BASELINE_TTC,117,23.441581214616193,-1.5375716295695128,0.30419824240224946,3.9920481223256976,-0.0,25.021385737975063,-1.8084632611974527,0.25,True,1.6028613814398283,13.167029180553543,5.193338761207741,303.44542858576693,31.194213410448313,303.44542858576693,272.25121517531863,False,False,True
5.9,S1,1000,BASELINE_TTC,118,23.46363776742366,-1.5377623918236054,0.5194791280446843,4.305617712848697,-0.0,25.021385737975063,-1.7959632611974528,0.25,True,1.5790017190308652,12.92303530895711,2.998672875298678,304.72796604245167,31.66557667251193,304.72796604245167,273.06238936993975,False,False,True
5.95,S1,1000,BASELINE_TTC,119,23.497513254950153,-1.537848010139541,0.7801214304234244,5.212846047574802,-0.0,25.021385737975063,-1.7834632611974528,0.25,True,1.5435395025954939,12.667478017449746,1.9533785685105478,306.60836669587565,32.39308091300803,306.60836669587565,274.2152857828676,False,False,True
6.0,S1,1000,BASELINE_TTC,120,23.514268860641415,-1.5375456857125585,0.005671440868766769,-15.488999791093152,-0.0,25.021385737975063,-1.7709632611974528,0.25,True,1.5250852587606933,12.42888251183504,999.0,307.57449515331814,32.785052319390154,307.57449515331814,274.789442833928,False,False,True
6.050000000000001,S1,1000,BASELINE_TTC,121,23.516200039177768,-1.5375600396523623,0.1412219020620501,2.7110092238656662,-0.0,25.021385737975063,-1.7584632611974529,0.25,True,1.5213093771987667,12.205080598352028,10.658302124665804,307.77111217558655,32.86642464011267,307.77111217558655,274.9046875354739,False,False,True
6.1000000000000005,S1,1000,BASELINE_TTC,122,23.534721952014053,-1.5377039906518775,0.5289378627930027,7.754319214619052,-0.0,25.021385737975063,-1.745963261197453,0.25,True,1.5011799146858114,11.965069744984095,2.81065866245769,308.81315718009813,33.30713361593618,308.81315718009813,275.506023564162,False,False,True
6.15,S1,1000,BASELINE_TTC,123,23.572124591221122,-1.537996871055256,0.8828738267286731,7.0787192787134074,-0.0,25.021385737975063,-1.733463261197453,0.25,True,1.4623833222400235,11.706636694061865,1.6415269123153324,310.7920344129641,34.1907619155639,310.7920344129641,276.6012724974002,False,False,True
6.2,S1,1000,BASELINE_TTC,124,23.59297969663431,-1.5379005639782832,0.0052466721850269885,-17.552543090872923,-0.0,25.021385737975063,-1.720963261197453,0.25,True,1.4400888063074166,11.464598590191228,999.0,311.911328857377,34.72008099848147,311.911328857377,277.1912478588955,False,False,True
6.25,S1,1000,BASELINE_TTC,125,23.595208566258762,-1.5379171117391621,0.15644128088671583,3.0238921740337763,-0.0,25.021385737975063,-1.708463261197453,0.25,True,1.4363381615134219,11.241063997586439,9.11637365555094,312.0983316479235,34.81074397363129,312.0983316479235,277.2875876742922,False,False,True
6.300000000000001,S1,1000,BASELINE_TTC,126,23.615826051391938,-1.5380880544786777,0.5560113623824662,7.991401629915007,-0.0,25.021385737975063,-1.695963261197453,0.25,True,1.4143983220592946,10.999638374468134,2.5279333871171428,313.18466772425467,35.350720670540994,313.18466772425467,277.8339470537137,False,False,True
6.3500000000000005,S1,1000,BASELINE_TTC,127,23.653618424123692,-1.5384018446851684,0.8702550871994057,6.28487449633879,-0.0,25.021385737975063,-1.6834632611974532,0.25,True,1.3754381990481228,10.74156629288277,1.5716855137877146,315.0815437954694,36.3520513205193,315.0815437954694,278.72949247495006,False,False,True
6.4,S1,1000,BASELINE_TTC,128,23.689503518160507,-1.5390512731877521,0.3271720542695347,-10.86166065859742,-0.0,25.021385737975063,-1.6709632611974532,0.25,True,1.338398677539253,10.485664879854658,4.070892371257691,316.8460076590341,37.35807636326179,316.8460076590341,279.48793129577234,False,False,True
6.45,S1,1000,BASELINE_TTC,129,23.69332107735154,-1.5391201990481846,0.16102090801446578,-3.3230229251013785,-0.0,25.021385737975063,-1.6584632611974532,0.25,True,1.3334161050775688,10.261325554693427,8.247777738926992,317.0804285511877,37.4976721892011,317.0804285511877,279.58275636198664,False,False,True
6.5,S1,1000,BASELINE_TTC,130,23.712762240640707,-1.5392490983415854,0.5411394195112963,7.60237022993661,-0.0,25.021385737975063,-1.6459632611974533,0.25,True,1.312967391190516,10.021903348729701,2.4182742009742615,318.03513246638533,38.08167692166609,318.03513246638533,279.95345554471925,False,False,True
6.550000000000001,S1,1000,BASELINE_TTC,131,23.752031263555658,-1.5395593625087542,0.9931652453809792,9.040516517393657,-0.0,25.021385737975063,-1.6334632611974533,0.25,True,1.27282313143559,9.76337592154026,1.2780899053032,319.87451585437077,39.28275560454819,319.87451585437077,280.5917602498226,False,False,True
6.6000000000000005,S1,1000,BASELINE_TTC,132,23.789841892233756,-1.5406129787565987,0.37565050320136045,-12.350294843592375,-0.0,25.021385737975063,-1.6209632611974534,0.25,True,1.2341622307750357,9.5067482566482,3.278429910903541,321.6015489962775,40.51331239378533,321.6015489962775,281.08823660249215,False,False,True
6.65,S1,1000,BASELINE_TTC,133,23.793861686476976,-1.5406816840881419,0.172553422156866,-4.061941620889889,-0.0,25.021385737975063,-1.6084632611974534,0.25,True,1.2293940130005931,9.283211884333406,7.113878334920305,321.8114941763543,40.670443707436434,321.8114941763543,281.14105046891785,False,False,True
6.7,S1,1000,BASELINE_TTC,134,23.81441268293099,-1.5407870129983223,0.5634793264316368,7.818518085495416,-0.0,25.021385737975063,-1.5959632611974535,0.25,True,1.2082335759147556,9.043852083272732,2.142000599538425,322.7350081024235,41.38272681434541,322.7350081024235,281.3522812880781,False,False,True
6.75,S1,1000,BASELINE_TTC,135,23.854998883885237,-1.5409712859518407,0.9920013768585346,8.570441008537957,-0.0,25.021385737975063,-1.5834632611974535,0.25,True,1.1671605979272235,8.78536327447415,1.175791567733035,324.48906216826657,42.83900612203298,324.48906216826657,281.6500560462336,False,False,True
6.800000000000001,S1,1000,BASELINE_TTC,136,23.8779619456046,-1.5407852813465865,0.006682300306468914,-19.706381531041313,-0.0,25.021385737975063,-1.5709632611974536,0.25,True,1.1438219614200151,8.54433408994774,999.0,325.46281902180823,43.713096693760576,325.46281902180823,281.74972232804765,False,False,True
6.8500000000000005,S1,1000,BASELINE_TTC,137,23.880244145922937,-1.5407981282078538,0.16075962065210414,3.0815464069127043,-0.0,25.021385737975063,-1.5584632611974536,0.25,True,1.1412783140123186,8.323810217953346,7.098434217642511,325.567933169254,43.81052315295313,325.567933169254,281.75741001630087,False,False,True
6.9,S1,1000,BASELINE_TTC,138,23.901678730038036,-1.5408349094450529,0.5745222746300284,8.275253079558484,-0.0,25.021385737975063,-1.5459632611974536,0.25,True,1.1197187520154273,8.085132207988055,1.9489357634707514,326.4508041507112,44.654070417239126,326.4508041507112,281.796733733472,False,False,True
6.95,S1,1000,BASELINE_TTC,139,23.910072633905024,-1.5411042867999498,0.0003284858669115248,-11.483875775262337,-0.0,25.021385737975063,-1.5334632611974537,0.25,True,1.1113393723566365,7.859586765993968,999.0,326.79003359451985,44.99075731832765,326.79003359451985,281.7992762761922,False,False,True
7.0,S1,1000,BASELINE_TTC,140,23.9122709011363,-1.5411177738470627,0.1513222506495959,3.019875295653687,-0.0,25.021385737975063,-1.5209632611974537,0.25,True,1.1092979426989036,7.640415011631615,7.3294894311811865,326.8723455729618,45.07355334884227,326.8723455729618,281.79879222411955,False,False,True
7.050000000000001,S1,1000,BASELINE_TTC,141,23.931715442736234,-1.54122894143228,0.5258883847939163,7.491322682886407,-0.0,25.021385737975063,-1.5084632611974538,0.25,True,1.0901628053309869,7.405173234267898,2.072056213346195,327.63752150236445,45.86470915673864,327.63752150236445,281.7728123456258,False,False,True
7.1000000000000005,S1,1000,BASELINE_TTC,142,23.96858183429151,-1.5414396578225364,0.8776801630283818,7.03583556468931,-0.0,25.021385737975063,-1.4959632611974538,0.25,True,1.0537856339224458,7.153876287690834,1.199530248070001,329.060196141534,47.44798030116227,329.060196141534,281.61221584037173,False,False,True
7.15,S1,1000,BASELINE_TTC,143,24.001055575497638,-1.5416261661679727,0.18017630351472838,-13.950077190273069,-0.0,25.021385737975063,-1.4834632611974539,0.25,True,1.0219865771994356,6.907554192335362,5.662954243003541,330.2691043313386,48.92432162564768,330.2691043313386,281.34478270569093,False,False,True
7.2,S1,1000,BASELINE_TTC,144,24.003326358732792,-1.5416402487217624,0.1588965850581486,-0.42559436913159554,-0.0,25.021385737975063,-1.470963261197454,0.25,True,1.020509743328631,6.690778721196611,6.407056381165833,330.324455240728,48.99512261089573,330.324455240728,281.32933262983227,False,False,True
7.25,S1,1000,BASELINE_TTC,145,24.024857633983267,-1.5417294969728061,0.5839941712140206,8.50195172311744,-0.0,25.021385737975063,-1.458463261197454,0.25,True,1.0000007640325486,6.456471818476354,1.7064007709532278,331.0857860106541,49.999961798401756,331.0857860106541,281.0858242122523,False,False,True
7.300000000000001,S1,1000,BASELINE_TTC,146,24.03510129590375,-1.5416517768888554,0.0003658611482513507,-11.672566201315385,-0.0,25.021385737975063,-1.445963261197454,0.25,True,0.9909153812042396,6.23371869132588,999.0,331.418661993241,50.45839528622111,331.418661993241,280.9602667070199,False,False,True
7.3500000000000005,S1,1000,BASELINE_TTC,147,24.03729192429958,-1.5416649754495637,0.1512587503297185,3.017857783629343,-0.0,25.021385737975063,-1.433463261197454,0.25,True,0.9900243659029053,6.0195231225220684,6.506028983647717,331.451161904571,50.503807504171725,331.451161904571,280.94735440039926,False,False,True
7.4,S1,1000,BASELINE_TTC,148,24.056717586423673,-1.5417842406214533,0.5254234599959117,7.4832941933238635,-0.0,25.021385737975063,-1.420963261197454,0.25,True,0.9722048918240174,5.790221688201441,1.8359822600210807,332.09564800796056,51.42948818761004,332.09564800796056,280.6661598203505,False,False,True
7.45,S1,1000,BASELINE_TTC,149,24.06178200730345,-1.541815721172469,0.0001500896594532119,-10.505467406729169,-0.0,25.021385737975063,-1.4084632611974541,0.25,True,0.9688251640519389,5.57553740718911,999.0,332.2167033062918,51.60889895849102,332.2167033062918,280.60780434780077,False,False,True
7.5,S1,1000,BASELINE_TTC,150,24.063705488190102,-1.5418274031656836,0.13761013910106257,2.749200988832187,-0.0,25.021385737975063,-1.3959632611974542,0.25,True,0.9687248364423781,5.365025850565047,6.95937273256899,332.22029107706516,51.61424392051717,332.22029107706516,280.606047156548,False,False,True
7.550000000000001,S1,1000,BASELINE_TTC,151,24.08265029185538,-1.5419442245313064,0.5206702444135567,7.661202106249882,-0.0,25.021385737975063,-1.3834632611974542,0.25,True,0.952019145574681,5.140323383312265,1.8029366113997987,332.8130453891715,52.519952179971945,332.8130453891715,280.2930932091996,False,False,True
7.6000000000000005,S1,1000,BASELINE_TTC,152,24.087562077180515,-1.5419756556586748,0.0001559371286231247,-10.41028614569867,-0.0,25.021385737975063,-1.3709632611974543,0.25,True,0.9493533949584273,4.93018901153487,999.0,332.90677476380347,52.66742634041934,332.90677476380347,280.2393484233841,False,False,True
7.65,S1,1000,BASELINE_TTC,153,24.08943972505451,-1.541985606733462,0.16233810427407258,3.243643342908989,-0.0,25.021385737975063,-1.3584632611974543,0.25,True,0.949844104213713,4.724624754893064,5.740771811325106,332.88953889163554,52.640217250587995,332.88953889163554,280.2493216410476,False,False,True
7.7,S1,1000,BASELINE_TTC,154,24.107433097279316,-1.542205084681271,0.49613203001239004,6.675878514766349,-0.0,25.021385737975063,-1.3459632611974544,0.25,True,0.934783548592391,4.506822098300857,1.842156090331283,333.4148742741835,53.48831831207411,333.4148742741835,279.9265559621094,False,False,True
7.75,S1,1000,BASELINE_TTC,155,24.11284520868171,-1.5422546966300814,0.00015947642155785528,-9.919451071816644,-0.0,25.021385737975063,-1.3334632611974544,0.25,True,0.9322230188526055,4.302713755214381,999.0,333.5034359463126,53.635234261368886,333.5034359463126,279.8682016849437,False,False,True
7.800000000000001,S1,1000,BASELINE_TTC,156,24.114581638084243,-1.5422633625886988,0.15519256533656017,3.100661778300046,-0.0,25.021385737975063,-1.3209632611974544,0.25,True,0.9334170613689122,4.104560701711865,5.843089827945487,333.46216460455764,53.5666231841445,333.46216460455764,279.89554142041317,False,False,True
7.8500000000000005,S1,1000,BASELINE_TTC,157,24.132071402396075,-1.5423316626367551,0.4927619356079754,6.751387405428304,-0.0,25.021385737975063,-1.3084632611974545,0.25,True,0.9195512039348704,3.896122277214239,1.8047545301601697,333.93848454419503,54.37435108131442,333.93848454419503,279.5641334628806,False,False,True
7.9,S1,1000,BASELINE_TTC,158,24.13740132161351,-1.5424524651928806,0.00016948471787422214,-9.851849017802023,-0.0,25.021385737975063,-1.2959632611974545,0.25,True,0.9177065849477024,3.7020099501953103,999.0,334.00136441255387,54.48364523051708,334.00136441255387,279.5177191820368,False,False,True
7.95,S1,1000,BASELINE_TTC,159,24.138538614117806,-1.542459221072349,0.09768691050312758,1.9503485157050673,-0.0,25.021385737975063,-1.2834632611974546,0.25,True,0.9200532328808744,3.5156224104185325,999.0,333.9213514409332,54.34468160438913,333.9213514409332,279.5766698365441,False,False,True
8.0,S1,1000,BASELINE_TTC,160,24.155564585595222,-1.5425981114765648,0.4806627384772265,7.659516559481978,-0.0,25.021385737975063,-1.2709632611974546,0.25,True,0.9074314077628732,3.3216936847404157,1.8013069935955994,334.3495309427198,55.10058344053463,334.3495309427198,279.24894750218516,False,False,True
8.05,S1,1000,BASELINE_TTC,161,24.161680799060676,-1.542728130374769,0.0001642340955569137,-9.609970087633391,-0.0,25.021385737975063,-1.2584632611974547,0.25,True,0.9054827982033593,3.1427387451391424,999.0,334.41515648601853,55.21916053977943,334.41515648601853,279.1959959462391,False,False,True
8.1,S1,1000,BASELINE_TTC,162,24.162932568230957,-1.542734923321973,0.11222536808081278,2.241222679705117,-0.0,25.021385737975063,-1.2459632611974547,0.25,True,0.9083035087919961,2.974441383936589,7.649368270513839,334.32011868556265,55.047679014801794,334.32011868556265,279.27243967076083,False,False,True
8.15,S1,1000,BASELINE_TTC,163,24.18050701845238,-1.5428330914745487,0.5181520677829209,8.118533994042162,-0.0,25.021385737975063,-1.2334632611974548,0.25,True,0.8959836565651085,2.8031447243824448,1.6228415783819017,334.7332321524917,55.80458932887539,334.7332321524917,278.9286428236163,False,False,True
8.200000000000001,S1,1000,BASELINE_TTC,164,24.189867351494517,-1.5428344062883923,0.00036240858944058666,-10.355793183869606,-0.0,25.021385737975063,-1.2209632611974548,0.25,True,0.8916411055449173,2.6481775723266674,999.0,334.8776235333773,56.07637387852707,334.8776235333773,278.8012496548502,False,False,True
8.25,S1,1000,BASELINE_TTC,165,24.191092414147874,-1.5428413812632726,0.11283234620806228,2.2493987523724335,-0.0,25.021385737975063,-1.2084632611974548,0.25,True,0.8950953752370474,2.510301227553742,7.358646272374162,334.76281982493435,55.859969097436725,334.76281982493435,278.90285072749765,False,False,True
8.3,S1,1000,BASELINE_TTC,166,24.2087241732794,-1.542942428101938,0.5188418100419755,8.120189276678264,-0.0,25.021385737975063,-1.1959632611974549,0.25,True,0.8836364416429034,2.377591354964798,1.566299301573088,335.14210450327784,56.58435714470689,335.14210450327784,278.55774735857096,False,False,True
8.35,S1,1000,BASELINE_TTC,167,24.218411974030936,-1.5430701713308252,0.0003738559244694072,-10.369359082350122,-0.0,25.021385737975063,-1.183463261197455,0.25,True,0.8798204336103299,2.266638651772078,999.0,335.26742202421934,56.82977808872403,335.26742202421934,278.4376439354953,False,False,True
8.4,S1,1000,BASELINE_TTC,168,24.21965230259233,-1.5430772465864777,0.11299712825128307,2.252465446536273,-0.0,25.021385737975063,-1.170963261197455,0.25,True,0.8838808288070857,2.1782366215583857,7.095166468300308,335.1340619613389,56.56871194670171,335.1340619613389,278.56535001463715,False,False,True
8.450000000000001,S1,1000,BASELINE_TTC,169,24.23725343580497,-1.5431742793273031,0.5188168295810525,8.116394026595387,-0.0,25.021385737975063,-1.158463261197455,0.25,True,0.87342202558504,2.106530364081706,1.5113856325811255,335.4764325215433,57.24609471178466,335.4764325215433,278.2303378097586,False,False,True
8.5,S1,1000,BASELINE_TTC,170,24.246662145008045,-1.5431257482167666,0.000364287173333895,-10.36905084815437,-0.0,25.021385737975063,-1.145963261197455,0.25,True,0.8705944443856105,2.06199776540803,999.0,335.5683535066797,57.43202282353827,335.5683535066797,278.13633068314147,False,False,True
8.55,S1,1000,BASELINE_TTC,171,24.247910100642027,-1.5431326352667867,0.11192361764823985,2.231186609498119,-0.0,25.021385737975063,-1.133463261197455,0.25,True,0.8752677062465538,2.0437965463585908,6.910745502919325,335.41628470072396,57.12537963318336,335.41628470072396,278.2909050675406,False,False,True
8.6,S1,1000,BASELINE_TTC,172,24.265511386771742,-1.5432358650040925,0.5189327124776419,8.140181896588041,-0.0,25.021385737975063,-1.1209632611974552,0.25,True,0.8658291902752406,2.0520982891978656,1.456594146078019,335.722647873367,57.74811078395887,335.722647873367,277.97453708940816,False,False,True
8.65,S1,1000,BASELINE_TTC,173,24.27176063878202,-1.5433449526983622,0.00016899223953574304,-10.375274404762123,-0.0,25.021385737975063,-1.1084632611974552,0.25,True,0.8666371068347292,2.0864181345415633,999.0,335.6965429421168,57.694275499716376,335.6965429421168,278.00226744240047,False,False,True
8.700000000000001,S1,1000,BASELINE_TTC,174,24.2729627966919,-1.543351538906066,0.1112282516803522,2.221185188816329,-0.0,25.021385737975063,-1.0959632611974552,0.25,True,0.8719479170627211,2.1436280688232503,6.72871262450462,335.5243879194982,57.34287452446932,335.5243879194982,278.1815133950289,False,False,True
8.75,S1,1000,BASELINE_TTC,175,24.290519567248385,-1.5435064272330834,0.49909699452695633,7.757374856932082,-0.0,25.021385737975063,-1.0834632611974553,0.25,True,0.8636000660773261,2.2291127422801247,1.464377022384982,335.7945582743468,57.897170187945584,335.7945582743468,277.89738808640124,False,False,True
8.8,S1,1000,BASELINE_TTC,176,24.295857400591338,-1.5433293975468843,0.00016874429587018065,-9.978565004621723,-0.0,25.021385737975063,-1.0709632611974553,0.25,True,0.8657488868699051,2.330561378582475,999.0,335.72524137098344,57.75346726782847,335.72524137098344,277.971774103155,False,False,True
8.85,S1,1000,BASELINE_TTC,177,24.29707485969781,-1.543337514111471,0.11164310695997227,2.229487253282042,-0.0,25.021385737975063,-1.0584632611974554,0.25,True,0.8716245117765404,2.4474147327753415,6.487734872310064,335.5348989548661,57.36415087511739,335.5348989548661,278.1707480797487,False,False,True
8.9,S1,1000,BASELINE_TTC,178,24.314584503327907,-1.5434382353959961,0.5156475697866197,8.080089256532949,-0.0,25.021385737975063,-1.0459632611974554,0.25,True,0.8643201578423253,2.588902994532499,1.3707060326874752,335.77134707024203,57.84893427085998,335.77134707024203,277.9224127993821,False,False,True
8.950000000000001,S1,1000,BASELINE_TTC,179,24.32386465800502,-1.5434377128326844,0.0003418165000536164,-10.306115065731323,-0.0,25.021385737975063,-1.0334632611974555,0.25,True,0.8640657372695814,2.7389998132434363,999.0,335.77955000716906,57.86596764963545,335.77955000716906,277.91358235753364,False,False,True
9.0,S1,1000,BASELINE_TTC,180,24.325105021854966,-1.5434462181644477,0.11293052050965875,2.2517740801921025,-0.0,25.021385737975063,-1.0209632611974555,0.25,True,0.8705143743567283,2.894581670495167,6.165567226448271,335.57095250545063,57.43730542869874,335.57095250545063,278.1336470767519,False,False,True
9.05,S1,1000,BASELINE_TTC,181,24.34269871620065,-1.5435510661834968,0.518737678226061,8.116143154328045,-0.0,25.021385737975063,-1.0084632611974556,0.25,True,0.8642540324290078,3.0712486651798496,1.3083434079732421,335.77347927511033,57.853360382333115,335.77347927511033,277.9201188927772,False,False,True
9.1,S1,1000,BASELINE_TTC,182,24.352185190011845,-1.5435611929053294,0.00036649355961382486,-10.367423693328943,-0.0,25.021385737975063,-0.9959632611974556,0.25,True,0.8646923546585875,3.2500472817737855,999.0,335.7593428444786,57.824033866636704,335.7593428444786,277.93530897784194,False,False,True
9.15,S1,1000,BASELINE_TTC,183,24.353417891500644,-1.5435684563666143,0.11294838335682869,2.2516377959442972,-0.0,25.021385737975063,-0.9834632611974556,0.25,True,0.871721786798491,3.428918506044423,5.913921267594966,335.53173778270735,57.35774963664881,335.53173778270735,278.17398814605855,False,False,True
9.200000000000001,S1,1000,BASELINE_TTC,184,24.371045990012952,-1.5436757943045762,0.5191813743278907,8.12465981942124,-0.0,25.021385737975063,-0.9709632611974557,0.25,True,0.8665687701258316,3.6266930289866974,1.2526253446669036,335.69875186220554,57.69882521007498,335.69875186220554,277.99992665213057,False,False,True
9.25,S1,1000,BASELINE_TTC,185,24.380695749504348,-1.5438082920979213,0.00038351452503958825,-10.375957196057021,-0.0,25.021385737975063,-0.9584632611974557,0.25,True,0.8678205266796079,3.822897770110442,999.0,335.65826468583197,57.61559961171509,335.65826468583197,278.0426650741169,False,False,True
9.3,S1,1000,BASELINE_TTC,186,24.381936101591442,-1.5438163207376476,0.1129696211502538,2.2517221325042844,-0.0,25.021385737975063,-0.9459632611974558,0.25,True,0.8753994049990624,4.01591737507156,5.660368069510728,335.4119884057464,57.11678545184018,335.4119884057464,278.2952029539062,False,False,True
9.35,S1,1000,BASELINE_TTC,187,24.39953737595831,-1.5439190737829165,0.5188431639740577,8.117470856476078,-0.0,25.021385737975063,-0.9334632611974558,0.25,True,0.8714078749140917,4.226604071389712,1.1985285828066632,335.54193789970503,57.3784119232676,335.54193789970503,278.1635259764374,False,False,True
9.4,S1,1000,BASELINE_TTC,188,24.409271459083122,-1.5439121199048458,0.0003997874608707314,-10.368867530263739,-0.0,25.021385737975063,-0.9209632611974559,0.25,True,0.8733551230674955,4.433516512617504,999.0,335.4786105867787,57.250479993046135,335.4786105867787,278.22813059373254,False,False,True
9.450000000000001,S1,1000,BASELINE_TTC,189,24.410473628755852,-1.5439191828045864,0.11198730277128799,2.2317503062083452,-0.0,25.021385737975063,-0.9084632611974559,0.25,True,0.8814861504846415,4.635423005661048,5.455190848438221,335.21278090313814,56.722388630280776,335.21278090313814,278.4903922728574,False,False,True
9.5,S1,1000,BASELINE_TTC,190,24.42851367152805,-1.5440196944826567,0.5223557404624376,8.207368753822992,-0.0,25.021385737975063,-0.895963261197456,0.25,True,0.8783361702079023,4.854786212262062,1.1349967474697342,335.31603126823467,56.92581234376923,335.31603126823467,278.39021892446544,False,False,True
9.55,S1,1000,BASELINE_TTC,191,24.43341773567778,-1.5440475002793619,0.00015878508835849646,-10.443939107481581,-0.0,25.021385737975063,-0.883463261197456,0.25,True,0.8843516883281672,5.064256124713109,999.0,335.11856071026585,56.53859280183325,335.11856071026585,278.5799679084326,False,False,True
9.600000000000001,S1,1000,BASELINE_TTC,192,24.434600837669034,-1.5440550336931835,0.11054714696709032,2.2077672375746364,-0.0,25.021385737975063,-0.870963261197456,0.25,True,0.8929552359601214,5.271990258170313,5.308005827420525,334.83399568472987,55.99384827643584,334.83399568472987,278.840147408294,False,False,True
9.65,S1,1000,BASELINE_TTC,193,24.450805675506277,-1.5441645802310404,0.46482484752586656,7.085554011175524,-0.0,25.021385737975063,-0.8584632611974561,0.25,True,0.8920470316139617,5.495163998494586,1.2275162687748393,334.8641534353486,56.05085632036246,334.8641534353486,278.81329711498614,False,False,True
9.700000000000001,S1,1000,BASELINE_TTC,194,24.460265193408418,-1.544319420770563,0.0003844538435588849,-9.288807873646153,-0.0,25.021385737975063,-0.8459632611974561,0.25,True,0.8958557870262752,5.71351875626028,999.0,334.7374929930327,55.812554569716156,334.7374929930327,278.9249384233165,False,False,True
9.75,S1,1000,BASELINE_TTC,195,24.461509335506108,-1.5443264019233993,0.11147220380509355,2.221754999230693,-0.0,25.021385737975063,-0.8334632611974562,0.25,True,0.9048690462626796,5.925340203441972,5.02256511809783,334.43579995688617,55.25661443112865,334.43579995688617,279.17918552575753,False,False,True
9.8,S1,1000,BASELINE_TTC,196,24.47909915750123,-1.5444289605850798,0.5182690205320615,8.135936334539359,-0.0,25.021385737975063,-0.8209632611974562,0.25,True,0.9041445424003978,6.153637688797476,1.0463418784266003,334.46015217926515,55.30089234101426,334.46015217926515,279.1592598382509,False,False,True
9.850000000000001,S1,1000,BASELINE_TTC,197,24.485344666552326,-1.5445410025343875,0.0001700628396208498,-10.361979153848813,-0.0,25.021385737975063,-0.8084632611974563,0.25,True,0.9105769992393362,6.372247104054371,999.0,334.2433228933724,54.91023827942967,334.2433228933724,279.33308461394273,False,False,True
9.9,S1,1000,BASELINE_TTC,198,24.486539197389614,-1.5445477769477236,0.11107572142317218,2.2181131716710265,-0.0,25.021385737975063,-0.7959632611974563,0.25,True,0.9200215210511566,6.586884599920664,4.815152525976489,333.9224339440509,54.34655478805893,333.9224339440509,279.57587915599197,False,False,True
9.950000000000001,S1,1000,BASELINE_TTC,199,24.50385034892671,-1.5446457645061002,0.4961020664286853,7.700526900110263,-0.0,25.021385737975063,-0.7834632611974564,0.25,True,0.9204573223461489,6.817671571992196,1.0432034536238868,333.90755463508,54.32082377546333,333.90755463508,279.58673085961664,False,False,True
0.0,S1,1000,BASELINE_UTILITARIAN,0,1.2711040209966011,-1.5001323373094522,2.9344916401043726,58.68983280208745,-0.0,25.021385737975063,-3.1584632611974683,0.0,False,23.80810666745604,61.53640995348056,8.093491013023886,7.378896478717913e-12,2.1001249993703355,2.1001249993703355,2.1001249993629565,False,False,False
0.05,S1,1000,BASELINE_UTILITARIAN,1,1.422980491337631,-1.5003474026674724,3.1142772676483115,3.595712550878778,-0.0,25.021385737975063,-3.1584632611974683,0.0,False,23.6565863637346,61.159740873745925,7.577490126451499,1.1003045937989085e-11,2.1135762882784173,2.1135762882784173,2.113576288267414,False,False,False
0.1,S1,1000,BASELINE_UTILITARIAN,2,1.5856943566038204,-1.5005769410213077,3.358143241504224,4.877319477118247,-0.0,25.021385737975063,-3.1584632611974683,0.0,False,23.4942592471758,60.77224331994702,6.978764661293488,1.6833763932582786e-11,2.1281794617981156,2.1281794617981156,2.128179461781282,False,False,False
0.15000000000000002,S1,1000,BASELINE_UTILITARIAN,3,1.7624754679339993,-1.500887209151756,3.657381008116893,5.984755332253382,-0.0,25.021385737975063,-3.1584632611974683,0.0,False,23.31790010524398,60.37069169954419,6.359444153732449,2.6630030110282638e-11,2.1442754182121,2.1442754182121,2.14427541818547,False,False,False
0.2,S1,1000,BASELINE_UTILITARIAN,4,1.9549707436795423,-1.5012161035005533,3.977743189099816,6.407243619658463,-0.0,25.021385737975063,-3.1584632611974683,0.0,False,23.125872282591974,59.95343836654582,5.798869835917077,4.370714358875704e-11,2.1620806077718226,2.1620806077718226,2.1620806077281154,False,False,False
0.25,S1,1000,BASELINE_UTILITARIAN,5,2.163745257694769,-1.5015768682970076,4.306348386068803,6.572103939379748,-0.0,25.021385737975063,-3.1584632611974683,0.0,False,22.91761333221082,59.519919465890844,5.3078939349695,7.445776123113131e-11,2.181728056722414,2.181728056722414,2.181728056647956,False,False,False
0.30000000000000004,S1,1000,BASELINE_UTILITARIAN,6,2.3890813292940773,-1.5019673068530892,4.639411235861662,6.6612569958571655,-0.0,25.021385737975063,-3.1584632611974683,0.0,False,22.69284428391382,59.06985327890963,4.878270810256717,1.3160138058931341e-10,2.20333772948168,2.20333772948168,2.2033377293500784,False,False,False
0.35000000000000003,S1,1000,BASELINE_UTILITARIAN,7,2.6311392211047,-1.502387280386813,4.974796068020999,6.707696643186747,-0.0,25.021385737975063,-3.1584632611974683,0.0,False,22.45140812377797,58.603080190023064,4.5007365549714535,2.411219410126317e-10,2.227031806840022,2.227031806840022,2.2270318065989003,False,False,False
0.4,S1,1000,BASELINE_UTILITARIAN,8,2.8900104697605844,-1.502835007122627,5.3114983534210145,6.734045708000309,-0.0,25.021385737975063,-3.1584632611974683,0.0,False,22.193216895669412,58.11950926146725,4.166691542690616,4.5745721975982114e-10,2.2529406275372614,2.2529406275372614,2.2529406270798042,False,False,False
0.45,S1,1000,BASELINE_UTILITARIAN,9,3.1637260436708665,-1.5033085147577765,5.511345946020525,3.996951851990218,-0.0,25.021385737975063,-3.1584632611974683,0.0,False,21.920237784902607,57.621108920071045,3.965938612524686,8.930890000689676e-10,2.2809971538920584,2.2809971538920584,2.280997152998969,False,False,False
0.5,S1,1000,BASELINE_UTILITARIAN,10,3.443188532066472,-1.5037914149274343,5.652630903133138,2.825699142252258,-0.0,25.021385737975063,-3.145963261197468,0.25,False,21.640594331712872,57.11697103747049,3.817372401574678,1.757128680587027e-09,2.310472588395055,2.310472588395055,2.3104725866379265,False,False,False
0.55,S1,1000,BASELINE_UTILITARIAN,11,3.7311302384142895,-1.504289740588888,5.835752882894724,3.66243959523171,-0.0,25.021385737975063,-3.133463261197468,0.25,False,21.35249834555268,56.604365586653074,3.648244866907406,3.4966305038580695e-09,2.3416463586994753,2.3416463586994753,2.341646355202845,False,False,False
0.6000000000000001,S1,1000,BASELINE_UTILITARIAN,12,4.031183966549616,-1.5048078141923895,6.1194916043371785,5.674774428849094,-0.0,25.021385737975063,-3.120963261197468,0.25,False,21.052328347098243,56.07966271263653,3.430056470140212,7.091858170829337e-09,2.375034208835707,2.375034208835707,2.3750342017438486,False,False,False
0.65,S1,1000,BASELINE_UTILITARIAN,13,4.345303611546653,-1.5053527513723282,6.39689221832777,5.548012279811836,-0.0,25.021385737975063,-3.1084632611974676,0.25,False,20.738137221204905,55.5409106950167,3.232207362692349,1.4708162032645651e-08,2.4110169330384514,2.4110169330384514,2.411016918330289,False,False,False
0.7000000000000001,S1,1000,BASELINE_UTILITARIAN,14,4.675679331287151,-1.505918683007934,6.750655792849358,7.075271490431749,-0.0,25.021385737975063,-3.0959632611974675,0.25,False,20.407743896564643,54.98592139553425,3.0138859143491112,3.1300774062286076e-08,2.450050346251983,2.450050346251983,2.450050314951209,False,False,False
0.75,S1,1000,BASELINE_UTILITARIAN,15,5.023005448159662,-1.5064989696114708,7.078457226769857,6.556028678409991,-0.0,25.021385737975063,-3.0834632611974673,0.25,False,20.060459381405362,54.41400164117617,2.825245621910941,6.833482462688123e-08,2.49246535432516,2.49246535432516,2.4924652859903356,False,False,False
0.8,S1,1000,BASELINE_UTILITARIAN,16,5.3884055649826195,-1.5071641435145864,7.456115401178698,7.553163488176811,-0.0,25.021385737975063,-3.070963261197467,0.25,False,19.695161287828544,53.82403226084098,2.633137916546835,1.5312177784813922e-07,2.538694619926754,2.538694619926754,2.538694466804976,False,False,False
0.8500000000000001,S1,1000,BASELINE_UTILITARIAN,17,5.769206453999281,-1.5078280119288365,7.7093815918557045,5.065323813540132,-0.0,25.021385737975063,-3.058463261197467,0.25,False,19.314525022858334,53.21868257959638,2.497240414758305,3.4937654883615455e-07,2.5887253215300947,2.5887253215300947,2.5887249721535457,False,False,False
0.9,S1,1000,BASELINE_UTILITARIAN,18,6.160859392180832,-1.5084816656337523,7.901237800868698,3.8371241802598632,-0.0,25.021385737975063,-3.0459632611974667,0.25,False,18.923089168978077,52.602498766121066,2.387034388930886,8.02460088145315e-07,2.6422747128396162,2.6422747128396162,2.642273910379528,False,False,False
0.9500000000000001,S1,1000,BASELINE_UTILITARIAN,19,6.558053831453231,-1.5091707678748776,7.9639180367629,1.2536047178840448,-0.0,25.021385737975063,-3.0334632611974666,0.25,False,18.526146191142576,51.98079009548326,2.3183729191199256,1.8326662908808102e-06,2.698888343216529,2.698888343216529,2.6988865105502384,False,False,False
1.0,S1,1000,BASELINE_UTILITARIAN,20,6.957202059934163,-1.5098626955220595,7.990446043761362,0.5305601399692428,-0.0,25.021385737975063,-3.0209632611974664,0.25,False,18.127276598363686,51.35714101731398,2.260722815611117,4.128815462185997e-06,2.7582742354421517,2.7582742354421517,2.7582701066266897,False,False,False
1.05,S1,1000,BASELINE_UTILITARIAN,21,7.355014703786276,-1.5105532373282529,7.930447805372777,-1.199964767771693,-0.0,25.021385737975063,-3.008463261197466,0.25,False,17.729760290461694,50.734838705799135,2.2276637420424157,9.114494395086425e-06,2.8201170901841883,2.8201170901841883,2.820107975689793,False,False,False
1.1,S1,1000,BASELINE_UTILITARIAN,22,7.749698763482716,-1.5106422342638837,7.868675907154289,-1.2354379643697655,-0.009549296461045742,25.021385737975063,-2.995963261197466,0.25,True,17.335436236157992,50.11565100966116,2.1949928016210114,1.9649176067103565e-05,2.8842654617315455,2.8842654617315455,2.8842458125554784,False,False,False
1.1500000000000001,S1,1000,BASELINE_UTILITARIAN,23,8.139377306409568,-1.5095301674852237,7.743357731398708,-2.506363515111616,-0.019098592922091484,25.021385737975063,-2.983463261197466,0.25,True,16.946229298820096,49.50142835041977,2.1801922392285036,4.1235288624785144e-05,2.950508878307301,2.950508878307301,2.950467643018676,False,False,False
1.2000000000000002,S1,1000,BASELINE_UTILITARIAN,24,8.523432725618676,-1.5066212627378945,7.641039093525531,-2.046372757463555,-0.0286478903144598,25.021385737975063,-2.9709632611974657,0.25,True,16.562812294002843,48.892761775701246,2.15912427752602,8.418936880839842e-05,3.0188110033767805,3.0188110033767805,3.018726814007972,False,False,False
1.25,S1,1000,BASELINE_UTILITARIAN,25,8.900743093361072,-1.5016035933139165,7.4853140380974725,-3.1145011085611607,-0.03819718584418297,25.021385737975063,-2.9584632611974655,0.25,True,16.186338664665737,48.290756972609245,2.153636115006785,0.0001670049992504862,3.089024703847845,3.089024703847845,3.0888576988485945,False,False,False
1.3,S1,1000,BASELINE_UTILITARIAN,26,9.271249743352536,-1.4939553572825446,7.36512541396206,-2.4037724827082485,-0.047746483236551285,25.021385737975063,-2.9459632611974653,0.25,True,15.816924821283546,47.69544812128051,2.138474921929369,0.00032208853000589843,3.1611707436782575,3.1611707436782575,3.1608486551482518,False,False,False
1.35,S1,1000,BASELINE_UTILITARIAN,27,9.63422330445327,-1.4834999438277805,7.195891022201995,-3.3846878352012943,-0.0572957806289196,25.021385737975063,-2.933463261197465,0.25,True,15.455327928494498,47.10755361916208,2.138326217843862,0.0006036809670582097,3.2351303208401414,3.2351303208401414,3.234526639873083,False,False,False
1.4000000000000001,S1,1000,BASELINE_UTILITARIAN,28,9.989858015348325,-1.469758439512816,7.069241840194418,-2.5329836401515493,-0.06684507429599762,25.021385737975063,-2.920963261197465,0.25,True,15.101417851002498,46.52685647712785,2.126328121519371,0.0011008551211426892,3.310947388736799,3.310947388736799,3.309846533615656,False,False,False
1.4500000000000002,S1,1000,BASELINE_UTILITARIAN,29,10.337580492865373,-1.4526901401758323,6.8950197463124425,-3.484441877639508,-0.07639437168836594,25.021385737975063,-2.908463261197465,0.25,True,14.755792484858274,45.953925444761005,2.1296248285529282,0.0019530412534462735,3.388499807875974,3.388499807875974,3.3865467666225277,False,False,False
1.5,S1,1000,BASELINE_UTILITARIAN,30,10.677746120530598,-1.4318517455008077,6.767513528170718,-2.5501243628344916,-0.08594366908073425,25.021385737975063,-2.8959632611974646,0.25,True,14.418169786956941,45.38838491922402,2.119484439556281,0.0033756855619360886,3.4678465255161113,3.4678465255161113,3.464470839954175,False,False,False
1.55,S1,1000,BASELINE_UTILITARIAN,31,11.009838292381195,-1.4073385211931395,6.592517042185801,-3.499929719698347,-0.09549296647310257,25.021385737975063,-2.8834632611974644,0.25,True,14.08908819151122,44.830754243365845,2.1253714409736633,0.005684692211237469,3.548845696780106,3.548845696780106,3.5431610045688684,False,False,False
1.6,S1,1000,BASELINE_UTILITARIAN,32,11.334258942489983,-1.3787379760694876,6.466898091509001,-2.5123790135359947,-0.10504226386547089,25.021385737975063,-2.8709632611974643,0.25,True,13.768230685794778,44.28061455874765,2.116490255731136,0.0093403648092523,3.6315486819658647,3.6315486819658647,3.622208317156612,False,False,False
1.6500000000000001,S1,1000,BASELINE_UTILITARIAN,33,11.650555704496341,-1.3462744838083154,6.293205419403937,-3.47385344210128,-0.1145915612578392,25.021385737975063,-2.858463261197464,0.25,True,13.456069659549117,43.738428883596,2.1246454139653914,0.014976416475461702,3.715795270464986,3.715795270464986,3.7008188539895244,False,False,False
1.7000000000000002,S1,1000,BASELINE_UTILITARIAN,34,11.959138657111168,-1.3095563394702765,6.170906415798876,-2.4459800721012215,-0.12414085865020752,25.021385737975063,-2.845963261197464,0.25,True,13.152294287715302,43.203773904824764,2.116746908917898,0.023465479323508467,3.8016180984257426,3.8016180984257426,3.7781526191022343,False,False,False
1.75,S1,1000,BASELINE_UTILITARIAN,35,12.259589929871046,-1.2689687625118324,5.999915747067267,-3.41981337463217,-0.13369014859199524,25.021385737975063,-2.8334632611974637,0.25,True,12.857335465957123,42.6770877805819,2.126995835623513,0.035936008193834794,3.888830631540025,3.888830631540025,3.8528946233461903,False,False,False
1.8,S1,1000,BASELINE_UTILITARIAN,36,12.552359313072001,-1.2241829836984266,5.882074730350911,-2.356820334327132,-0.14323945343494415,25.021385737975063,-2.8209632611974635,0.25,True,12.570852287714654,42.15791343747117,2.11983475159949,0.053863228674438164,3.9774550567955056,3.9774550567955056,3.9235918281210673,False,False,False
1.85,S1,1000,BASELINE_UTILITARIAN,37,12.83706915363838,-1.1756676559488994,5.716724881389537,-3.306996979227481,-0.15278874337673187,25.021385737975063,-2.8084632611974634,0.25,True,12.29323359071408,41.64665503635632,2.131345628333806,0.07903836092326837,4.067278119384994,4.067278119384994,3.988239758461726,False,False,False
1.9000000000000001,S1,1000,BASELINE_UTILITARIAN,38,13.114149611940073,-1.122917057002212,5.603041727213848,-2.273663083513764,-0.1623380482196808,25.021385737975063,-2.795963261197463,0.25,True,12.024198757610625,41.142871550286216,2.1251378636360694,0.11368038734414464,4.1582812300364616,4.1582812300364616,4.044600842692317,False,False,False
1.9500000000000002,S1,1000,BASELINE_UTILITARIAN,39,13.383255253549814,-1.0661591226544544,5.441593511117828,-3.2289643219204045,-0.1718873381614685,25.021385737975063,-2.783463261197463,0.25,True,11.764149551785085,40.64692864406557,2.138735732584059,0.16030293932814713,4.250200983921785,4.250200983921785,4.089898044593638,False,False,False
2.0,S1,1000,BASELINE_UTILITARIAN,40,13.644625303239968,-1.0048823485605851,5.335196886138345,-2.1279324995896687,-0.18143662810325623,25.021385737975063,-2.770963261197463,0.25,True,11.513023919862853,40.15858120234531,2.132397487390513,0.22180865868100616,4.342907679861367,4.342907679861367,4.121099021180361,False,False,False
2.0500000000000003,S1,1000,BASELINE_UTILITARIAN,41,13.897909706056316,-0.9397459765293661,5.174144939876927,-3.2210389252283633,-0.19098593294620514,25.021385737975063,-2.7584632611974627,0.25,True,11.271177915117006,39.678219883911005,2.1498191800137962,0.301250192158597,4.4360935810390805,4.4360935810390805,4.134843388880483,False,False,False
2.1,S1,1000,BASELINE_UTILITARIAN,42,14.143511925242441,-0.8703994853422614,5.074698683358293,-1.9889251303726674,-0.20053522288799286,25.021385737975063,-2.7459632611974625,0.25,True,11.038382044622045,39.2054460821681,2.1435506798472517,0.4020083984082826,4.529649345155638,4.529649345155638,4.127640946747356,False,False,False
2.15,S1,1000,BASELINE_UTILITARIAN,43,14.381894346834995,-0.7964059969530979,4.981139270373065,-1.8711882597045637,-0.21008452773094177,25.021385737975063,-2.7334632611974623,0.25,True,10.814387079585485,38.739803482704694,2.1359554137387566,0.5276390532277386,4.623470533469798,4.623470533469798,4.09583148024206,False,False,False
2.2,S1,1000,BASELINE_UTILITARIAN,44,14.614462660377043,-0.7153502059240111,4.907524797140927,-1.4722894646427598,-0.2196338176727295,25.021385737975063,-2.720963261197462,0.25,True,10.59842118763571,38.27983533976756,999.0,0.6822018370963293,4.717683805426681,4.717683805426681,4.035481968330352,False,False,False
2.25,S1,1000,BASELINE_UTILITARIAN,45,14.840797367190419,-0.6294070094679114,4.820685771551522,-1.7367805117880941,-0.2291831225156784,25.021385737975063,-2.708463261197462,0.25,True,10.390710008137617,37.82606725423468,999.0,0.8691622803531504,4.81199070716456,4.81199070716456,3.9428284268114093,False,False,False
2.3000000000000003,S1,1000,BASELINE_UTILITARIAN,46,15.060625195867827,-0.5395638264324418,4.727042396213393,-1.8728675067625922,-0.23873241245746613,25.021385737975063,-2.6959632611974618,0.25,True,10.19150671389934,37.378833548585874,999.0,1.0915021548114374,4.9060459266350875,4.9060459266350875,3.81454377182365,False,False,False
2.35,S1,1000,BASELINE_UTILITARIAN,47,15.273750860830386,-0.4462571446631216,4.631279826570337,-1.9152513928611192,-0.24828171730041504,25.021385737975063,-2.6834632611974616,0.25,True,10.001073787648304,36.93837135110108,999.0,1.35145857817323,4.999463163820654,4.999463163820654,3.648004585647424,False,False,False
2.4000000000000004,S1,1000,BASELINE_UTILITARIAN,48,15.480070874288147,-0.3497776151319414,4.533680611790824,-1.951984295590261,-0.25783100724220276,25.021385737975063,-2.6709632611974614,0.25,True,9.819602442640612,36.50482124166486,999.0,1.6503895804379205,5.091855835515311,5.091855835515311,3.4414662550773905,False,False,False
2.45,S1,1000,BASELINE_UTILITARIAN,49,15.679525052450634,-0.2503151309413738,4.4380617945189815,-1.9123763454368436,-0.2673802971839905,25.021385737975063,-2.6584632611974612,0.25,True,9.647255489775464,36.078277893179724,999.0,1.9885450459696128,5.182821171574853,5.182821171574853,3.19427612560524,False,False,False
2.5,S1,1000,BASELINE_UTILITARIAN,50,15.872103787341636,-0.14809888068042198,4.341585909631896,-1.929517697741705,-0.2769295871257782,25.021385737975063,-2.645963261197461,0.25,True,9.484128145256282,35.658786301691805,999.0,2.3650138891693966,5.271965881756746,5.271965881756746,2.906951992587349,False,False,False
2.5500000000000003,S1,1000,BASELINE_UTILITARIAN,51,16.057837255519424,-0.043269306472311087,4.249473452000178,-1.8422491526343698,-0.2864789068698883,25.021385737975063,-2.633463261197461,0.25,True,9.330289712566675,35.246349831547164,999.0,2.7775876924144876,5.358890403226876,5.358890403226876,2.581302710812388,False,False,False
2.6,S1,1000,BASELINE_UTILITARIAN,52,16.236769391433,0.06393952353690224,4.15629105112282,-1.8636480175471526,-0.296028196811676,25.021385737975063,-2.6209632611974607,0.25,True,9.185760029491755,34.840959525748175,999.0,3.222817835869219,5.443207730168244,5.443207730168244,2.220389894299025,False,True,False
2.6500000000000004,S1,1000,BASELINE_UTILITARIAN,53,16.408960256499846,0.17341318472448108,4.068389451899737,-1.7580319844616632,-0.30557748675346375,25.021385737975063,-2.6084632611974605,0.25,True,9.050564028519931,34.4425881368004,999.0,3.695911046221608,5.524517570666441,5.524517570666441,1.8286065244448326,False,True,False
2.7,S1,1000,BASELINE_UTILITARIAN,54,16.574473193973148,0.28490425538937814,3.9792988198031787,-1.7818126419311664,-0.31512677669525146,25.021385737975063,-2.5959632611974603,0.25,True,8.924669695520508,34.051206174632014,999.0,4.191037012651018,5.602448236834594,5.602448236834594,1.411411224183576,False,True,False
2.75,S1,1000,BASELINE_UTILITARIAN,55,16.733364322342716,0.3983034604184468,3.8953713252110203,-1.6785498918431685,-0.3246760964393616,25.021385737975063,-2.58346326119746,0.25,True,8.808077643170302,33.66678927427241,999.0,4.701159438641264,5.67660754429992,5.67660754429992,0.9754481056586561,False,True,False
2.8000000000000003,S1,1000,BASELINE_UTILITARIAN,56,16.885731753676783,0.5133461107385813,3.8097163352744823,-1.7130997987307595,-0.3342253863811493,25.021385737975063,-2.57096326119746,0.25,True,8.70067986159938,33.28927092163974,999.0,5.218844040853615,5.746677362613464,5.746677362613464,0.5278333217598483,False,True,False
2.85,S1,1000,BASELINE_UTILITARIAN,57,17.031608513516048,0.629930947076403,3.729491432620956,-1.6044980530705288,-0.343774676322937,25.021385737975063,-2.55846326119746,0.25,True,8.602464630781013,32.91864790826655,999.0,5.7355797570023475,5.812287774028375,5.812287774028375,0.0767080170260277,False,True,False
2.9000000000000004,S1,1000,BASELINE_UTILITARIAN,58,17.171108344485184,0.7477784026248884,3.646696468678368,-1.6558992788517557,-0.35332396626472473,25.021385737975063,-2.5459632611974596,0.25,True,8.513259616782367,32.55483460341642,999.0,6.243316468650044,5.873191027962304,6.243316468650044,0.37012544068774034,False,True,False
2.95,S1,1000,BASELINE_UTILITARIAN,59,17.30428282224088,0.8668086630743659,3.5706432617240806,-1.5210641390857482,-0.36287325620651245,25.021385737975063,-2.5334632611974595,0.25,True,8.433002227618836,32.19780665178227,999.0,6.733335026533134,5.9290865400516,6.733335026533134,0.8042484864815345,False,True,False
3.0,S1,1000,BASELINE_UTILITARIAN,60,17.431261061181516,0.9867377711087073,3.4906860223565928,-1.5991447873497577,-0.37242257595062256,25.021385737975063,-2.5209632611974593,0.25,True,8.361456759519365,31.847458662528208,999.0,7.198151905622428,5.979819239401785,7.198151905622428,1.2183326662206433,False,True,False
3.0500000000000003,S1,1000,BASELINE_UTILITARIAN,61,17.55210939706918,1.107506309895058,3.4189710217447047,-1.4343000122377614,-0.3819718658924103,25.021385737975063,-2.508463261197459,0.25,True,8.298513420841312,31.503748607915764,999.0,7.629953613761299,6.02517553016513,7.629953613761299,1.6047780835961687,False,True,False
3.1,S1,1000,BASELINE_UTILITARIAN,62,17.66696842019969,1.2288291743496274,3.3420688398371086,-1.5380436381519225,-0.391521155834198,25.021385737975063,-2.495963261197459,0.25,True,8.243878502980445,31.16655457206027,999.0,8.022839767541937,6.065106367339509,8.022839767541937,1.9577334002024278,False,True,False
3.1500000000000004,S1,1000,BASELINE_UTILITARIAN,63,17.775907656440275,1.3506723064203356,3.27432819304011,-1.3548129359399752,-0.4010704457759857,25.021385737975063,-2.4834632611974587,0.25,True,8.197411065749531,30.835828384805914,999.0,8.370687613887041,6.099486728061044,8.370687613887041,2.271200885825997,False,True,False
3.2,S1,1000,BASELINE_UTILITARIAN,64,17.879079360189827,1.4727418261831389,3.2004676006803066,-1.477211847196065,-0.4106197655200958,25.021385737975063,-2.4709632611974586,0.25,True,8.158759109716579,30.511430683106298,999.0,8.669907682357943,6.128382922894866,8.669907682357943,2.541524759463077,False,True,False
3.25,S1,1000,BASELINE_UTILITARIAN,65,17.97654511264598,1.5950163580653225,3.1359865298426244,-1.2896214167536435,-0.42016905546188354,25.021385737975063,-2.4584632611974584,0.25,True,8.127759621203484,30.193317814768438,999.0,8.916528457673717,6.151756736205796,8.916528457673717,2.7647717214679215,False,True,False
3.3000000000000003,S1,1000,BASELINE_UTILITARIAN,66,18.06846850295085,1.7172065946796238,3.0650368724475525,-1.4189931479014373,-0.42971834540367126,25.021385737975063,-2.445963261197458,0.25,True,8.104013902133952,29.88133305139538,999.0,9.109517512674838,6.169782110915923,9.109517512674838,2.939735401758915,False,True,False
3.35,S1,1000,BASELINE_UTILITARIAN,67,18.154910994673536,1.8392959273736977,3.003634100340589,-1.2280554421392686,-0.439267635345459,25.021385737975063,-2.433463261197458,0.25,True,8.087332470222615,29.575428955701334,999.0,9.24723896306819,6.182508284913342,9.24723896306819,3.064730678154848,False,True,False
3.4000000000000004,S1,1000,BASELINE_UTILITARIAN,68,18.23605505643201,1.961003146346954,2.9352346763868025,-1.3679884790757324,-0.4488169252872467,25.021385737975063,-2.420963261197458,0.25,True,8.077273181881194,29.27542367937021,999.0,9.331153082236503,6.190207867694654,9.331153082236503,3.1409452145418486,False,True,False
3.45,S1,1000,BASELINE_UTILITARIAN,69,18.311958073594912,2.0823222744150627,2.8769073779605128,-1.166545968525794,-0.4583662450313568,25.021385737975063,-2.4084632611974577,0.25,True,8.073634516772252,28.981270060411138,999.0,9.361667914157094,6.192997700865637,9.361667914157094,3.168670213291457,False,True,False
3.5,S1,1000,BASELINE_UTILITARIAN,70,18.382809841900063,2.2029844456300083,2.810992973842605,-1.3182880823581566,-0.46791553497314453,25.021385737975063,-2.3959632611974575,0.25,True,8.075952571559693,28.692772836984734,999.0,9.342218151316596,6.191220113907082,9.342218151316596,3.1509980374095132,False,True,False
3.5500000000000003,S1,1000,BASELINE_UTILITARIAN,71,18.44866359205711,2.3229974127737165,2.755692249821982,-1.1060144804124583,-0.47746482491493225,25.021385737975063,-2.3834632611974573,0.25,True,8.084024275265229,28.409885527458957,999.0,9.274763668148761,6.185038329608375,9.274763668148761,3.0897253385403864,False,True,False
3.6,S1,1000,BASELINE_UTILITARIAN,72,18.50974699638408,2.442103738151147,2.6921986404804303,-1.2698721868310336,-0.48701411485671997,25.021385737975063,-2.370963261197457,0.25,True,8.097348519188683,28.132369133912402,999.0,9.164332952930474,6.174860805547958,9.164332952930474,2.989472147382516,False,True,False
3.6500000000000004,S1,1000,BASELINE_UTILITARIAN,73,18.56609386502358,2.5603250047912525,2.639839167671366,-1.0471894561812878,-0.4965634346008301,25.021385737975063,-2.358463261197457,0.25,True,8.11574218236519,27.860193453071044,999.0,9.01375210501212,6.160865990623224,9.01375210501212,2.8528861143888964,False,True,False
3.7,S1,1000,BASELINE_UTILITARIAN,74,18.61817221130166,2.6774061282861368,2.580257598196411,-1.191631389499097,-0.5,25.021385737975063,-2.345963261197457,0.25,True,8.138512363532664,27.59287358077443,999.0,8.83030563427393,6.143628929537759,8.83030563427393,2.686676704736171,False,True,False
3.75,S1,1000,BASELINE_UTILITARIAN,75,18.66630966997989,2.793368548855028,2.533311560076205,-0.9389207624041251,-0.5,25.021385737975063,-2.3334632611974566,0.25,True,8.165255430087356,27.33008284459274,999.0,8.61897955678885,6.12350714905499,8.61897955678885,2.4954724077338595,False,True,False
3.8000000000000003,S1,1000,BASELINE_UTILITARIAN,76,18.710889839020325,2.9079760862776993,2.4767411848442524,-1.1314075046390482,-0.5,25.021385737975063,-2.3209632611974564,0.25,True,8.19537462171794,27.071416394520746,999.0,8.386226384490458,6.101002371203239,8.386226384490458,2.285224013287219,False,True,False
3.85,S1,1000,BASELINE_UTILITARIAN,77,18.75196097107397,3.0212835917449183,2.4320485528528204,-0.8938526398286406,-0.5,25.021385737975063,-2.3084632611974563,0.25,True,8.22872337755268,26.816826041499652,999.0,8.134884765984184,6.0762766842297955,8.134884765984184,2.0586080817543886,False,True,False
3.9000000000000004,S1,1000,BASELINE_UTILITARIAN,78,18.789795177573545,3.1330883846495965,2.3773754048603397,-1.0934629598496137,-0.5,25.021385737975063,-2.295963261197456,0.25,True,8.26482441953608,26.566016043904845,999.0,7.8701875579826925,6.049735295260707,7.8701875579826925,1.820452262721986,False,True,False
3.95,S1,1000,BASELINE_UTILITARIAN,79,18.824417341793914,3.2434645342851383,2.334624434380045,-0.8550194096058927,-0.5,25.021385737975063,-2.283463261197456,0.25,True,8.303574420678485,26.31896132349173,999.0,7.594420343069781,6.021503206556978,7.594420343069781,1.5729171365128032,False,True,False
4.0,S1,1000,BASELINE_UTILITARIAN,80,18.856095185251768,3.3522326238514495,2.281923610137805,-1.0540164848447997,-0.5,25.021385737975063,-2.2709632611974557,0.25,True,8.34452752174322,26.075368793873956,999.0,7.312143887292499,5.99195099659216,7.312143887292499,1.3201928907003389,False,True,False
4.05,S1,1000,BASELINE_UTILITARIAN,81,18.88484951302149,3.45947735410995,2.241104400423133,-0.8163841942934447,-0.5,25.021385737975063,-2.2584632611974556,0.25,True,8.387605243473818,25.83521735400608,999.0,7.025125353031345,5.961177064085572,7.025125353031345,1.063948288945773,False,True,False
4.1000000000000005,S1,1000,BASELINE_UTILITARIAN,82,18.91092850254279,3.565038143773961,2.1903376925640954,-1.0153341571807495,-0.5,25.021385737975063,-2.2459632611974554,0.25,True,8.432403272770246,25.598232144049522,999.0,6.7371148408024535,5.929507683943323,6.7371148408024535,0.8076071568591301,False,True,False
4.15,S1,1000,BASELINE_UTILITARIAN,83,18.93434896302956,3.6690069882286593,2.1513918590827363,-0.778916669627181,-0.5,25.021385737975063,-2.233463261197455,0.25,True,8.47886618274515,25.364396255499706,999.0,6.449348826992313,5.897014874671817,6.449348826992313,0.5523339523204962,False,True,False
4.2,S1,1000,BASELINE_UTILITARIAN,84,18.955358642577398,3.771240705446715,2.1024892974100204,-0.9780512334543179,-0.5,25.021385737975063,-2.220963261197455,0.25,True,8.526616744052987,25.133434726187595,999.0,6.164868899807015,5.863990548757012,6.164868899807015,0.30087835105000327,False,True,False
4.25,S1,1000,BASELINE_UTILITARIAN,85,18.973947538017608,3.8718353990139605,2.0653428906101783,-0.7429281359968432,-0.5,25.021385737975063,-2.208463261197455,0.25,True,8.575636453329478,24.905357637756275,999.0,5.884324855363997,5.830471041083787,5.884324855363997,0.05385381428020963,False,True,False
4.3,S1,1000,BASELINE_UTILITARIAN,86,18.99035921337966,3.970662808599414,2.0182274599894416,-0.9423086124147328,-0.5,25.021385737975063,-2.1959632611974547,0.25,True,8.625575808319795,24.679894057758016,999.0,5.6101015431680405,5.796714458386943,5.796714458386943,0.18661291521890266,False,True,False
4.3500000000000005,S1,1000,BASELINE_UTILITARIAN,87,19.004583562569895,4.067823208844231,1.9828049739353533,-0.7084497210817675,-0.5,25.021385737975063,-2.1834632611974545,0.25,True,8.676433077508673,24.457054995036188,999.0,5.3424463035190355,5.762736778274888,5.762736778274888,0.4202904747558529,False,True,False
4.4,S1,1000,BASELINE_UTILITARIAN,88,19.016863808495078,4.163202163486503,1.9374024846873623,-0.908049784959819,-0.5,25.021385737975063,-2.1709632611974543,0.25,True,8.72788263147871,24.23657029905973,999.0,5.0831784897048555,5.72876631265249,5.72876631265249,0.6455878229476344,False,True,False
4.45,S1,1000,BASELINE_UTILITARIAN,89,19.02716312090035,4.256900480177762,1.9036293355925855,-0.675462981895536,-0.5,25.021385737975063,-2.158463261197454,0.25,True,8.779954254846766,24.018478111868873,999.0,4.832137384334175,5.6947904907817355,5.6947904907817355,0.8626531064475609,False,True,False
4.5,S1,1000,BASELINE_UTILITARIAN,90,19.03572821863177,4.3488166874439145,1.8598676144953237,-0.8752344219452368,-0.5,25.021385737975063,-2.145963261197454,0.25,True,8.832341848012048,23.802505723400685,999.0,4.590686977353797,5.661012771064089,5.661012771064089,1.0703257937102926,False,True,False
4.55,S1,1000,BASELINE_UTILITARIAN,91,19.042510801418462,4.4390525023581375,1.8276740277545618,-0.6438717348152379,-0.5,25.021385737975063,-2.1334632611974538,0.25,True,8.8850947642201,23.588703619284903,999.0,4.358399393682876,5.62740199478208,5.62740199478208,1.2690026010992037,False,True,False
4.6000000000000005,S1,1000,BASELINE_UTILITARIAN,92,19.047753495202446,4.527517680779397,1.7854841627534677,-0.8437973000218824,-0.5,25.021385737975063,-2.1209632611974536,0.25,True,8.937929346762704,23.376804320986558,999.0,4.13625076484186,5.5941368587915585,5.5941368587915585,1.457886093949699,False,True,False
4.65,S1,1000,BASELINE_UTILITARIAN,93,19.051400372640263,4.614313751575239,1.754804320628375,-0.6135968425018534,-0.5,25.021385737975063,-2.1084632611974534,0.25,True,8.990909632833409,23.16686691408751,999.0,3.9236366117578823,5.561172566723143,5.561172566723143,1.6375359549652608,False,True,False
4.7,S1,1000,BASELINE_UTILITARIAN,94,19.05368238086729,4.699359841309928,1.714120789993852,-0.8136706126904603,-0.5,25.021385737975063,-2.0959632611974532,0.25,True,9.043776834149874,22.958636765726556,999.0,3.7212136052231775,5.52866362327704,5.52866362327704,1.8074500180538622,False,True,False
4.75,S1,1000,BASELINE_UTILITARIAN,95,19.05453216075332,4.782756839023534,1.6848903864067462,-0.5846080717421165,-0.5,25.021385737975063,-2.083463261197453,0.25,True,9.096610361925075,22.75218536969591,999.0,3.52825798804623,5.496552892853456,5.496552892853456,1.9682949048072262,False,True,False
4.800000000000001,S1,1000,BASELINE_UTILITARIAN,96,19.05417280298552,4.864432978569411,1.6456516428562482,-0.7847748710099589,-0.5,25.021385737975063,-2.070963261197453,0.25,True,9.149172160041523,22.54726748642934,999.0,3.345194216743177,5.464975314200785,5.464975314200785,2.1197810974576083,False,True,False
4.8500000000000005,S1,1000,BASELINE_UTILITARIAN,97,19.052533179008083,4.944487267289674,1.6178103924408715,-0.5568250083075332,-0.5,25.021385737975063,-2.0584632611974527,0.25,True,9.201549705083638,22.343959368149946,999.0,3.1712526129019696,5.4338672943728366,5.4338672943728366,2.262614681470867,False,True,False
4.9,S1,1000,BASELINE_UTILITARIAN,98,19.049847605445024,5.022856920975798,1.5799565772087827,-0.7570763046417772,-0.5,25.021385737975063,-2.0459632611974525,0.25,True,9.253512113579374,22.142006820855126,999.0,3.006722378582493,5.403353817047026,5.403353817047026,2.396631438464533,False,True,False
4.95,S1,1000,BASELINE_UTILITARIAN,99,19.046022125455586,5.099638237238835,1.5534483613854264,-0.5301643164671255,-0.5,25.021385737975063,-2.0334632611974524,0.25,True,9.305165623932538,21.941509486699058,999.0,2.850783476853216,5.373359488777059,5.373359488777059,2.5225760119238427,False,True,False
5.0,S1,1000,BASELINE_UTILITARIAN,100,19.041287061273643,5.1747756669075144,1.5169250173233033,-0.730466881242462,-0.5,25.021385737975063,-2.020963261197452,0.25,True,9.356294079630636,21.74221913007363,999.0,2.703606300563576,5.343996199184653,5.343996199184653,2.6403898986210774,False,True,False
5.050000000000001,S1,1000,BASELINE_UTILITARIAN,101,19.03553706985274,5.248363020583767,1.4916946940784839,-0.5046064648963888,-0.5,25.021385737975063,-2.008463261197452,0.25,True,9.407013976901087,21.544247576041606,999.0,2.564377664562559,5.315182918062517,5.315182918062517,2.7508052534999576,False,True,False
5.1000000000000005,S1,1000,BASELINE_UTILITARIAN,102,19.02898705019057,5.320351225133088,1.4564481092566701,-0.7049316964362751,-0.5,25.021385737975063,-1.995963261197452,0.25,True,9.457129569602577,21.34736378437107,999.0,2.4331684148481605,5.287016491844595,5.287016491844595,2.8538480769964343,False,True,False
5.15,S1,1000,BASELINE_UTILITARIAN,103,19.0215469898444,5.390831369070433,1.432444404186044,-0.48007410141252205,-0.5,25.021385737975063,-1.983463261197452,0.25,True,9.506749512718208,21.151665650058376,999.0,2.309237189638436,5.259421207333756,5.259421207333756,2.95018401769532,False,True,False
5.2,S1,1000,BASELINE_UTILITARIAN,104,19.013435442549714,5.459760908706613,1.3984246401964062,-0.6803952797927559,-0.5,25.021385737975063,-1.9709632611974521,0.25,True,9.555685660458803,20.956921040523675,999.0,2.192610154508944,5.232486895932418,5.232486895932418,3.0398767414234737,False,True,False
5.25,S1,1000,BASELINE_UTILITARIAN,105,19.0045243391649,5.527226803650425,1.3755983742927582,-0.45652531807296004,-0.5,25.021385737975063,-1.9584632611974522,0.25,True,9.604070847273775,20.763265613497186,999.0,2.0825435281975793,5.2061256934806,5.2061256934806,3.123582165283021,False,True,False
5.300000000000001,S1,1000,BASELINE_UTILITARIAN,106,18.995043526263498,5.593192780964841,1.342757067873215,-0.6568261283908639,-0.5,25.021385737975063,-1.9459632611974522,0.25,True,9.651718721591966,20.570458860927186,999.0,1.9790519495204182,5.180424486277708,5.180424486277708,3.2013725367572903,False,True,False
5.3500000000000005,S1,1000,BASELINE_UTILITARIAN,107,18.98488029030367,5.657742065201106,1.321061168986179,-0.4339179777407187,-0.5,25.021385737975063,-1.9334632611974523,0.25,True,9.69875230776146,20.378622337606522,999.0,1.881474128974792,5.155302291820292,5.155302291820292,3.2738281628455,False,True,False
5.4,S1,1000,BASELINE_UTILITARIAN,108,18.9742338276792,5.720843380697357,1.2893545744291814,-0.6341318911399529,-0.5,25.021385737975063,-1.9209632611974523,0.25,True,9.745011799803144,20.18754781822935,999.0,1.7897673792633244,5.130830113618747,5.130830113618747,3.3410627343554227,False,True,False
5.45,S1,1000,BASELINE_UTILITARIAN,109,18.96297626370312,5.782575806747156,1.2687446506565516,-0.41219847545259647,-0.5,25.021385737975063,-1.9084632611974524,0.25,True,9.790628544817658,19.997372121318932,999.0,1.7033164323996217,5.106924419726436,5.106924419726436,3.403607987326814,False,True,False
5.5,S1,1000,BASELINE_UTILITARIAN,110,18.951333367851262,5.8429136571916125,1.238129645754246,-0.6123000980461102,-0.5,25.021385737975063,-1.8959632611974524,0.25,True,9.835433479721196,19.807864224659426,999.0,1.622105058918827,5.083660024043733,5.083660024043733,3.4615549651249062,False,True,False
5.550000000000001,S1,1000,BASELINE_UTILITARIAN,111,18.93915829718805,5.901931511272832,1.2185642858108996,-0.39130719886693033,-0.5,25.021385737975063,-1.8834632611974524,0.25,True,9.879567926011246,19.61917974307302,999.0,1.5455583599899279,5.060950071344556,5.060950071344556,3.5153917113546282,False,True,False
5.6000000000000005,S1,1000,BASELINE_UTILITARIAN,112,18.92666907152576,5.959608462651115,1.1890002853012023,-0.5912800101939464,-0.5,25.021385737975063,-1.8709632611974525,0.25,True,9.922873815918027,19.431098038539524,999.0,1.4736508447214733,5.038862826189651,5.038862826189651,3.5652119814681775,False,True,False
5.65,S1,1000,BASELINE_UTILITARIAN,113,18.913715141521767,6.016014655030265,1.1704397009277656,-0.37121168746873323,-0.5,25.021385737975063,-1.8584632611974525,0.25,True,9.965492590330804,19.24377865850302,999.0,1.4058653375642407,5.017313449062557,5.017313449062557,3.6114481114983157,False,True,False
5.7,S1,1000,BASELINE_UTILITARIAN,114,18.900510613720527,6.071133129608649,1.1418894317660733,-0.5710053832338469,-0.5,25.021385737975063,-1.8459632611974526,0.25,True,10.007273732042757,19.05700757565128,999.0,1.3421767484739273,4.9963657774147485,4.9963657774147485,3.654189028940821,False,True,False
5.75,S1,1000,BASELINE_UTILITARIAN,115,18.886924095187716,6.125030904931014,1.1242957551655863,-0.3518735320097388,-0.5,25.021385737975063,-1.8334632611974526,0.25,True,10.04834558716658,18.870926745498007,999.0,1.2821398374029305,4.97594350893528,4.97594350893528,3.6938036715323492,False,True,False
5.800000000000001,S1,1000,BASELINE_UTILITARIAN,116,18.87315052971858,6.177694404321587,1.0967225111259344,-0.5514648807930378,-0.5,25.021385737975063,-1.8209632611974527,0.25,True,10.088573765711937,18.685343408977467,999.0,1.2257175811529737,4.9561019388028,4.9561019388028,3.7303843576498266,False,True,False
5.8500000000000005,S1,1000,BASELINE_UTILITARIAN,117,18.859039555831508,6.229186158377166,1.0800618497549102,-0.33321322742048576,-0.5,25.021385737975063,-1.8084632611974527,0.25,True,10.128095510043705,18.500417924620923,999.0,1.1724993574731373,4.936762291628926,4.936762291628926,3.7642629341557887,False,True,False
5.9,S1,1000,BASELINE_UTILITARIAN,118,18.84479365670135,6.279496332403987,1.053432700137807,-0.5325829923420633,-0.5,25.021385737975063,-1.7959632611974528,0.25,True,10.166776155022923,18.315953439335445,999.0,1.1224631615852294,4.917979823456363,4.917979823456363,3.795516661871134,False,True,False
5.95,S1,1000,BASELINE_UTILITARIAN,119,18.830258766116586,6.328682953494692,1.0376714374023466,-0.31522525470920826,-0.5,25.021385737975063,-1.7834632611974528,0.25,True,10.204752294407621,18.132114024869523,999.0,1.0752422296869937,4.899677969390875,4.899677969390875,3.824435739703881,False,True,False
6.0,S1,1000,BASELINE_UTILITARIAN,120,18.815644893605242,6.376740456836714,1.0119567806421992,-0.5142931352029478,-0.5,25.021385737975063,-1.7709632611974528,0.25,True,10.241889244878,17.94869922924259,999.0,1.030826794277685,4.881911804016545,4.881911804016545,3.85108500973886,False,True,False
6.050000000000001,S1,1000,BASELINE_UTILITARIAN,121,18.800794263814808,6.423722544778052,0.997061356215233,-0.2979084885393246,-0.5,25.021385737975063,-1.7584632611974529,0.25,True,10.278322959116544,17.76587688746505,999.0,0.9888885229762391,4.864606823397352,4.864606823397352,3.8757183004211133,False,True,False
6.1000000000000005,S1,1000,BASELINE_UTILITARIAN,122,18.78589773294356,6.469626652905951,0.9722495299590821,-0.4962365251230172,-0.5,25.021385737975063,-1.745963261197453,0.25,True,10.313933696587803,17.583467979190875,999.0,0.9494115930180913,4.847810880977613,4.847810880977613,3.8983992879595215,False,True,False
6.15,S1,1000,BASELINE_UTILITARIAN,123,18.770771042616268,6.514497244392032,0.9585203414415879,-0.27458377034988324,-0.5,25.021385737975063,-1.733463261197453,0.25,True,10.348866438968052,17.401663582699587,999.0,0.912092998819803,4.831447028026946,4.831447028026946,3.9193540292071427,False,True,False
6.2,S1,1000,BASELINE_UTILITARIAN,124,18.755650937917405,6.558327759617939,0.9336462210035263,-0.49748240876123173,-0.5,25.021385737975063,-1.720963261197453,0.25,True,10.382971269921146,17.220242432329883,999.0,0.8769597343304786,4.815577227382594,4.815577227382594,3.9386174930521154,False,True,False
6.25,S1,1000,BASELINE_UTILITARIAN,125,18.740357168095095,6.601154890439496,0.9205212827274196,-0.26249876552213447,-0.5,25.021385737975063,-1.708463261197453,0.25,True,10.416384868161442,17.039390424422795,999.0,0.8437455807001715,4.8001298562641646,4.8001298562641646,3.956384275563993,False,True,False
6.300000000000001,S1,1000,BASELINE_UTILITARIAN,126,18.72511478619397,6.642981984222189,0.8963001163703437,-0.4844233271415188,-0.5,25.021385737975063,-1.695963261197453,0.25,True,10.448972949737657,16.858903386197987,999.0,0.8124670331365289,4.785159291780476,4.785159291780476,3.9726922586439475,False,True,False
6.3500000000000005,S1,1000,BASELINE_UTILITARIAN,127,18.709743553224996,6.683845256129807,0.8838537442001152,-0.24892744340456963,-0.5,25.021385737975063,-1.6834632611974532,0.25,True,10.48087204828176,16.67896840151117,999.0,0.782883619270965,4.770595401763065,4.770595401763065,3.9877117824920996,False,True,False
6.4,S1,1000,BASELINE_UTILITARIAN,128,18.69446077459099,6.7237527514155815,0.8603464101947027,-0.4701466801082499,-0.5,25.021385737975063,-1.6709632611974532,0.25,True,10.51195683137608,16.499393241268322,999.0,0.7550098943894971,4.756488330579901,4.756488330579901,4.001478436190404,False,True,False
6.45,S1,1000,BASELINE_UTILITARIAN,129,18.679071043908763,6.762736793228264,0.848597592594276,-0.2349763520085335,-0.5,25.021385737975063,-1.6584632611974532,0.25,True,10.542370038811436,16.32037903177493,999.0,0.7286233902493052,4.742766552106065,4.742766552106065,4.01414316185676,False,True,False
6.5,S1,1000,BASELINE_UTILITARIAN,130,18.66379157541903,6.800809121184372,0.8258023175354664,-0.45590550117619255,-0.5,25.021385737975063,-1.6459632611974533,0.25,True,10.571989747229935,16.14173817841285,999.0,0.7037424682214429,4.729478669150333,4.729478669150333,4.02573620092889,False,True,False
6.550000000000001,S1,1000,BASELINE_UTILITARIAN,131,18.648434698617578,6.837997837236948,0.8147378657954634,-0.22128903480006068,-0.5,25.021385737975063,-1.6334632611974533,0.25,True,10.600950810768582,15.963664440393632,999.0,0.6801724148114295,4.716558060925003,4.716558060925003,4.036385646113573,False,True,False
6.6000000000000005,S1,1000,BASELINE_UTILITARIAN,132,18.63321373333921,6.874317864157447,0.7926352275159286,-0.44205276559069473,-0.5,25.021385737975063,-1.6209632611974534,0.25,True,10.629136510536707,15.785978550765343,999.0,0.6579327440994673,4.704050978217731,4.704050978217731,4.046118234118264,False,True,False
6.65,S1,1000,BASELINE_UTILITARIAN,133,18.617944921129904,6.909793405705919,0.7822313826592704,-0.2080768971331648,-0.5,25.021385737975063,-1.6084632611974534,0.25,True,10.656676355134481,15.608870659718395,999.0,0.636850926322158,4.691894389371181,4.691894389371181,4.055043463049023,False,True,False
6.7,S1,1000,BASELINE_UTILITARIAN,134,18.60283007210882,6.9444419029110875,0.7607962825504615,-0.4287020021761778,-0.5,25.021385737975063,-1.5959632611974535,0.25,True,10.683462790825619,15.432176804542083,999.0,0.6169442040981085,4.680130495042984,4.680130495042984,4.063186290944875,False,True,False
6.75,S1,1000,BASELINE_UTILITARIAN,135,18.587685536628307,6.978283150131659,0.7510272992016997,-0.195379666975235,-0.5,25.021385737975063,-1.5834632611974535,0.25,True,10.709621837054575,15.256086765889256,999.0,0.5980584187674406,4.668698928939148,4.668698928939148,4.070640510171708,False,True,False
6.800000000000001,S1,1000,BASELINE_UTILITARIAN,136,18.572716866296357,7.0113376022379015,0.730235022775698,-0.41584552852003576,-0.5,25.021385737975063,-1.5709632611974536,0.25,True,10.735046265716845,15.08043844918809,999.0,0.580214885058451,4.657641780238866,4.657641780238866,4.077426895180415,False,True,False
6.8500000000000005,S1,1000,BASELINE_UTILITARIAN,137,18.55772908113318,7.043620302292226,0.7210756913235251,-0.18318662904345695,-0.5,25.021385737975063,-1.5584632611974536,0.25,True,10.759865194824501,14.905431460541212,999.0,0.563270914610623,4.646898366723964,4.646898366723964,4.083627452113341,False,True,False
6.9,S1,1000,BASELINE_UTILITARIAN,138,18.542942916314825,7.075154941728385,0.7009002454450912,-0.4035089175686779,-0.5,25.021385737975063,-1.5459632611974536,0.25,True,10.783964969450722,14.73089581340064,999.0,0.5472557183298564,4.636513577486773,4.636513577486773,4.089257859156916,False,True,False
6.95,S1,1000,BASELINE_UTILITARIAN,139,18.52814060033548,7.1059523642151134,0.692325325060873,-0.17149840768436508,-0.5,25.021385737975063,-1.5334632611974537,0.25,True,10.807485126804613,14.557051312780994,999.0,0.5320317503565334,4.626423207004053,4.626423207004053,4.09439145664752,False,True,False
7.0,S1,1000,BASELINE_UTILITARIAN,140,18.513558081346396,7.136038306019557,0.6727422627120075,-0.3916612469773084,-0.5,25.021385737975063,-1.5209632611974537,0.25,True,10.830304563731287,14.383720111366292,999.0,0.5176358157613817,4.616675339624416,4.616675339624416,4.099039523863034,False,True,False
7.050000000000001,S1,1000,BASELINE_UTILITARIAN,141,18.498981495480866,7.16541989137697,0.6647282630345605,-0.16027999354894185,-0.5,25.021385737975063,-1.5084632611974538,0.25,True,10.852557580912471,14.211118458064462,999.0,0.5039443651130114,4.607208911560186,4.607208911560186,4.103264546447175,False,True,False
7.1000000000000005,S1,1000,BASELINE_UTILITARIAN,142,18.48462001673683,7.194125415506036,0.6457141057060979,-0.38028314656925133,-0.5,25.021385737975063,-1.4959632611974538,0.25,True,10.874141221417231,14.039098732106744,999.0,0.4909850028728292,4.598064250032195,4.598064250032195,4.107079247159366,False,True,False
7.15,S1,1000,BASELINE_UTILITARIAN,143,18.470282768331018,7.222158277030573,0.6382380005550242,-0.14952210302147328,-0.5,25.021385737975063,-1.4834632611974539,0.25,True,10.895173081954171,13.867856792658811,999.0,0.47865376995743014,4.589188223435909,4.589188223435909,4.110534453478479,False,True,False
7.2,S1,1000,BASELINE_UTILITARIAN,144,18.45617887426925,7.249548797110421,0.6197700267056769,-0.3693594769869457,-0.5,25.021385737975063,-1.470963261197454,0.25,True,10.915551828576648,13.69725176784509,999.0,0.4669790747695355,4.580620456503282,4.580620456503282,4.113641381733746,False,True,False
7.25,S1,1000,BASELINE_UTILITARIAN,145,18.44209466183116,7.276296353735233,0.6128093355144018,-0.13921382382550362,-0.5,25.021385737975063,-1.458463261197454,0.25,True,10.935405643838086,13.527499387586865,999.0,0.45585877931332647,4.572304094468973,4.572304094468973,4.116445315155646,False,True,False
7.300000000000001,S1,1000,BASELINE_UTILITARIAN,146,18.428258269771206,7.302433883693098,0.5948663765165912,-0.3588591799562102,-0.5,25.021385737975063,-1.445963261197454,0.25,True,10.954623791655894,13.35844965381819,999.0,0.44532824191479914,4.564282713029804,4.564282713029804,4.118954471115004,False,True,False
7.3500000000000005,S1,1000,BASELINE_UTILITARIAN,147,18.41445229123198,7.327957453199602,0.5884005101709797,-0.12931732691223052,-0.5,25.021385737975063,-1.433463261197454,0.25,True,10.973334156233385,13.19032183343448,999.0,0.4352925328304837,4.556500265837396,4.556500265837396,4.121207733006913,False,True,False
7.4,S1,1000,BASELINE_UTILITARIAN,148,18.40088575317578,7.352901316123891,0.5709620775330192,-0.34876865275921043,-0.5,25.021385737975063,-1.420963261197454,0.25,True,10.991438471369504,13.022989779625993,999.0,0.42578146836216485,4.548995122907706,4.548995122907706,4.123213654545541,False,True,False
7.45,S1,1000,BASELINE_UTILITARIAN,149,18.38737184525694,7.377258716313804,0.5649700401672348,-0.11984074731568706,-0.5,25.021385737975063,-1.4084632611974541,0.25,True,11.009044054544491,12.856647225436584,999.0,0.4167172034851428,4.5417204029954075,4.5417204029954075,4.125003199510265,False,True,False
7.5,S1,1000,BASELINE_UTILITARIAN,150,18.3741004650013,7.401065939757601,0.5480152185748497,-0.339096431847703,-0.5,25.021385737975063,-1.3959632611974542,0.25,True,11.026065674697836,12.69119269452298,999.0,0.4081237425025682,4.534709068052982,4.534709068052982,4.126585325550414,False,True,False
7.550000000000001,S1,1000,BASELINE_UTILITARIAN,151,18.3608848902846,7.424312655112843,0.5424784657502845,-0.11073505649130455,-0.5,25.021385737975063,-1.3834632611974542,0.25,True,11.042607850232711,12.526820427372613,999.0,0.39992982438795655,4.527915930560398,4.527915930560398,4.127986106172441,False,True,False
7.6000000000000005,S1,1000,BASELINE_UTILITARIAN,152,18.34791497158126,7.447037055135937,0.5259891227066154,-0.32978686087338227,-0.5,25.021385737975063,-1.3709632611974543,0.25,True,11.058586783525662,12.363437710601938,999.0,0.3921598169392283,4.521373388730523,4.521373388730523,4.129213571791294,False,True,False
7.65,S1,1000,BASELINE_UTILITARIAN,153,18.335000234985706,7.469226211748435,0.5208880515168168,-0.10202142379597046,-0.5,25.021385737975063,-1.3584632611974543,0.25,True,11.074107301509494,12.201243145014093,999.0,0.3847468230061054,4.515036619988735,4.515036619988735,4.1302897969826295,False,True,False
7.7,S1,1000,BASELINE_UTILITARIAN,154,18.322353388664432,7.4909198357077145,0.5048456791518312,-0.3208474472997125,-0.5,25.021385737975063,-1.3459632611974544,0.25,True,11.089072877634027,12.0401345813083,999.0,0.3777220411581138,4.508943222913333,4.508943222913333,4.131221181755219,False,True,False
7.75,S1,1000,BASELINE_UTILITARIAN,155,18.309742080389707,7.512101103652128,0.500162532434424,-0.09366293434814432,-0.5,25.021385737975063,-1.3334632611974544,0.25,True,11.103610652355501,11.880345485400797,999.0,0.371012060918472,4.503039737744504,4.503039737744504,4.132027676826032,False,True,False
7.800000000000001,S1,1000,BASELINE_UTILITARIAN,156,18.297394219540383,7.532812247864484,0.4845490251258083,-0.3122701461723143,-0.5,25.021385737975063,-1.3209632611974544,0.25,True,11.11761677271017,11.721771977283048,999.0,0.3646521329613816,4.497366748846064,4.497366748846064,4.132714615884682,False,True,False
7.8500000000000005,S1,1000,BASELINE_UTILITARIAN,157,18.28510804157835,7.5530339801344155,0.4802671403015303,-0.08563769648555986,-0.5,25.021385737975063,-1.3084632611974545,0.25,True,11.13119807393185,11.564624202042555,999.0,0.358581774422889,4.491879460585198,4.491879460585198,4.133297686162309,False,True,False
7.9,S1,1000,BASELINE_UTILITARIAN,158,18.27309614292301,7.57281053979365,0.465065906201545,-0.3040246819997061,-0.5,25.021385737975063,-1.2959632611974545,0.25,True,11.144261356942147,11.408822533380121,999.0,0.3528314942183716,4.486614087604224,4.486614087604224,4.1337825933858525,False,True,False
7.95,S1,1000,BASELINE_UTILITARIAN,159,18.26112633896728,7.592118310619014,0.4611689087833332,-0.07793994836423512,-0.5,25.021385737975063,-1.2834632611974546,0.25,True,11.15692858182041,11.254601503176598,999.0,0.3473373395941565,4.48152012745445,4.48152012745445,4.1341827878602935,False,True,False
8.0,S1,1000,BASELINE_UTILITARIAN,160,18.24941118201987,7.6110033195373745,0.44636373521076067,-0.296103471451451,-0.5,25.021385737975063,-1.2709632611974546,0.25,True,11.169107830430992,11.10189321258926,999.0,0.34212977195648864,4.476633295971197,4.476633295971197,4.1345035240147086,False,True,False
8.05,S1,1000,BASELINE_UTILITARIAN,161,18.237760501068628,7.629440363650332,0.4428353176328984,-0.07056835155724528,-0.5,25.021385737975063,-1.2584632611974547,0.25,True,11.180894516959558,10.950901578702897,999.0,0.3371591175911978,4.471914114220317,4.471914114220317,4.134754996629119,False,True,False
8.1,S1,1000,BASELINE_UTILITARIAN,162,18.226379174298273,7.647477188447269,0.4284105134718144,-0.28849608322167986,-0.5,25.021385737975063,-1.2459632611974547,0.25,True,11.192202519244708,10.80157809941955,999.0,0.33245339949078095,4.4673959315895395,4.4673959315895395,4.1349425320987585,False,True,False
8.15,S1,1000,BASELINE_UTILITARIAN,163,18.215058036532998,7.665085141190474,0.42523577415190245,-0.06349478639823936,-0.5,25.021385737975063,-1.2334632611974548,0.25,True,11.203136188097439,10.654142614389377,999.0,0.32796148781612033,4.4630359892546485,4.4630359892546485,4.135074501438528,False,True,False
8.200000000000001,S1,1000,BASELINE_UTILITARIAN,164,18.203990490060075,7.682313115136992,0.41117655558032706,-0.28118437143150765,-0.5,25.021385737975063,-1.2209632611974548,0.25,True,11.213617088151748,10.50856834138,999.0,0.3237085369072252,4.458864575715694,4.458864575715694,4.135156038808469,False,True,False
8.25,S1,1000,BASELINE_UTILITARIAN,165,18.192982665018864,7.6991311655382475,0.40834109487149717,-0.05670921417659791,-0.5,25.021385737975063,-1.2084632611974548,0.25,True,11.223739439151757,10.365066187575925,999.0,0.31964973637020777,4.454843260668103,4.454843260668103,4.135193524297896,False,True,False
8.3,S1,1000,BASELINE_UTILITARIAN,166,18.182239383720532,7.715589302170798,0.39463301460215033,-0.2741616053869367,-0.5,25.021385737975063,-1.1959632611974549,0.25,True,11.233418533313372,10.223615325428044,999.0,0.3158129134138182,4.451004816719151,4.451004816719151,4.135191903305333,False,True,False
8.35,S1,1000,BASELINE_UTILITARIAN,167,18.171551583914233,7.7316547012416095,0.39212299196614514,-0.05020045272010387,-0.5,25.021385737975063,-1.183463261197455,0.25,True,11.242755721901187,10.084439342648903,999.0,0.3121521925648958,4.44730822556241,4.44730822556241,4.135156032997514,False,True,False
8.4,S1,1000,BASELINE_UTILITARIAN,168,18.161124040859722,7.747379279295387,0.3787521925728145,-0.2674159878666127,-0.5,25.021385737975063,-1.170963261197455,0.25,True,11.251667619622976,9.947532960714767,999.0,0.30869500617927004,4.443785729397098,4.443785729397098,4.135090723217829,False,True,False
8.450000000000001,S1,1000,BASELINE_UTILITARIAN,169,18.150755389955858,7.762727540592508,0.3765542785206112,-0.043958281044066405,-0.5,25.021385737975063,-1.158463261197455,0.25,True,11.260248962659055,9.813115751486597,999.0,0.30539969512942444,4.440399156875545,4.440399156875545,4.13499946174612,False,True,False
8.5,S1,1000,BASELINE_UTILITARIAN,170,18.1406351052658,7.777752932034559,0.3635075243541104,-0.26093508333001614,-0.5,25.021385737975063,-1.145963261197455,0.25,True,11.268426685517378,9.681208749368487,999.0,0.3022898160769139,4.4371766703032245,4.4371766703032245,4.134886854226311,False,True,False
8.55,S1,1000,BASELINE_UTILITARIAN,171,18.130577146910714,7.7924174741409615,0.3616087399076535,-0.037975688929137164,-0.5,25.021385737975063,-1.133463261197455,0.25,True,11.276284403125514,9.552022349082616,999.0,0.29932937266061543,4.434084687163549,4.434084687163549,4.134755314502933,False,True,False
8.6,S1,1000,BASELINE_UTILITARIAN,172,18.120774752497926,7.806776733857276,0.3488735809539416,-0.25470317907423823,-0.5,25.021385737975063,-1.1209632611974552,0.25,True,11.283748197836905,9.425591999255337,999.0,0.29654231156426153,4.431151699183167,4.431151699183167,4.134609387618906,False,True,False
8.65,S1,1000,BASELINE_UTILITARIAN,173,18.111019056804373,7.82078990279885,0.34726161289819013,-0.03223936111502956,-0.5,25.021385737975063,-1.1084632611974552,0.25,True,11.29091359168832,9.302143143775059,999.0,0.29388938298505923,4.4283396196395435,4.4283396196395435,4.134450236654485,False,True,False
8.700000000000001,S1,1000,BASELINE_UTILITARIAN,174,18.10152233571173,7.834514210155419,0.33482515437759813,-0.24872917041183995,-0.5,25.021385737975063,-1.0959632611974552,0.25,True,11.297696109044741,9.181715755067808,999.0,0.2913985485459808,4.425681087312205,4.425681087312205,4.134282538766224,False,True,False
8.75,S1,1000,BASELINE_UTILITARIAN,175,18.09206814985718,7.8479065142225295,0.3334887629867159,-0.026727827817644156,-0.5,25.021385737975063,-1.0834632611974553,0.25,True,11.304194279217137,9.064539186716102,999.0,0.2890305571690578,4.423137002512903,4.423137002512903,4.134106445343845,False,True,False
8.8,S1,1000,BASELINE_UTILITARIAN,176,18.082868745715274,7.86102523592001,0.3213397246507287,-0.24298076671974478,-0.5,25.021385737975063,-1.0709632611974553,0.25,True,11.310324335071764,8.950669988035086,999.0,0.2868131179074961,4.42073971698202,4.42073971698202,4.133926599074524,False,True,False
8.85,S1,1000,BASELINE_UTILITARIAN,177,18.073715346284324,7.8738259916729305,0.3202672298250297,-0.02144989651397977,-0.5,25.021385737975063,-1.0584632611974554,0.25,True,11.316179353850838,8.840331542398838,999.0,0.28470994469326044,4.418452415477601,4.418452415477601,4.13374247078434,False,True,False
8.9,S1,1000,BASELINE_UTILITARIAN,178,18.06480873096359,7.8863679926497525,0.30839401005627093,-0.23746439537517539,-0.5,25.021385737975063,-1.0459632611974554,0.25,True,11.321682970430514,8.73360262359363,999.0,0.2827460800049288,4.4163045485894505,4.4163045485894505,4.133558468584522,False,True,False
8.950000000000001,S1,1000,BASELINE_UTILITARIAN,179,18.05594399216123,7.898604685091186,0.3075745052353133,-0.016390096419152123,-0.5,25.021385737975063,-1.0334632611974555,0.25,True,11.326924406538744,8.630700150454704,999.0,0.28088748582411893,4.414260941931976,4.414260941931976,4.133373456107857,False,True,False
9.0,S1,1000,BASELINE_UTILITARIAN,180,18.04732950988267,7.91059654092841,0.2959665545869645,-0.23215901296697594,-0.5,25.021385737975063,-1.0209632611974555,0.25,True,11.331823364822844,8.531713712111234,999.0,0.2791606100607193,4.412352574715735,4.412352574715735,4.1331919646550155,False,True,False
9.05,S1,1000,BASELINE_UTILITARIAN,181,18.038752787692747,7.92229526894738,0.2953904746631918,-0.011521598475454642,-0.5,25.021385737975063,-1.0084632611974556,0.25,True,11.336472592571424,8.436857901949,999.0,0.2775308992315534,4.410543014302708,4.410543014302708,4.133012115071154,False,True,False
9.1,S1,1000,BASELINE_UTILITARIAN,182,18.030425989726055,7.933762626912184,0.28403713233725114,-0.22706684651881304,-0.5,25.021385737975063,-0.9959632611974556,0.25,True,11.340790212256522,8.346233804101157,999.0,0.2760253560742249,4.408863850242346,4.408863850242346,4.132838494168121,False,True,False
9.15,S1,1000,BASELINE_UTILITARIAN,183,18.022129045407674,7.944947990288981,0.2836936568938915,-0.006869508867193286,-0.5,25.021385737975063,-0.9834632611974556,0.25,True,11.344872045295132,8.260049100690713,999.0,0.2746090192058935,4.407277561207547,4.407277561207547,4.132668542001653,False,True,False
9.200000000000001,S1,1000,BASELINE_UTILITARIAN,184,18.014066447688908,7.955914716231362,0.2725853141304368,-0.22216685526909363,-0.5,25.021385737975063,-0.9709632611974557,0.25,True,11.348641947824422,8.178419076983282,999.0,0.27330692474521884,4.405813508777162,4.405813508777162,4.132506584031943,False,True,False
9.25,S1,1000,BASELINE_UTILITARIAN,185,18.006048678395903,7.9666111454328785,0.27246550632052785,-0.0023961561981789004,-0.5,25.021385737975063,-0.9584632611974557,0.25,True,11.352176321014072,8.10152528291537,999.0,0.2720913980690993,4.404441807994537,4.404441807994537,4.132350409925438,False,True,False
9.3,S1,1000,BASELINE_UTILITARIAN,186,17.998257337499336,7.977100547122262,0.2615921708842471,-0.21746670872561547,-0.5,25.021385737975063,-0.9459632611974558,0.25,True,11.355412817547142,8.029499063097022,999.0,0.2709827283598724,4.403186462999977,4.403186462999977,4.132203734640105,False,True,False
9.35,S1,1000,BASELINE_UTILITARIAN,187,17.990499125636894,7.987329856987145,0.26168627548668416,0.0018820920487416792,-0.5,25.021385737975063,-0.9334632611974558,0.25,True,11.358429311000965,7.96250609893042,999.0,0.2699532059664964,4.4020170950549975,4.4020170950549975,4.132063889088501,False,True,False
9.4,S1,1000,BASELINE_UTILITARIAN,188,17.98297848870848,7.997364338949268,0.25103888725483636,-0.21294776463695597,-0.5,25.021385737975063,-0.9209632611974559,0.25,True,11.361150636712251,7.900673594301091,999.0,0.2690275467036981,4.400962684046346,4.400962684046346,4.131935137342648,False,True,False
9.450000000000001,S1,1000,BASELINE_UTILITARIAN,189,17.97548311848456,8.007148074721997,0.2513385024559294,0.005992304021861239,-0.5,25.021385737975063,-0.9084632611974559,0.25,True,11.363664427310345,7.844150639814337,999.0,0.2681751049035145,4.399989133772269,4.399989133772269,4.131814028868755,False,True,False
9.5,S1,1000,BASELINE_UTILITARIAN,190,17.96821742263576,8.016747877476192,0.24090842480473426,-0.20860155302390326,-0.5,25.021385737975063,-0.895963261197456,0.25,True,11.365896494599253,7.793064430895641,999.0,0.2674203040430416,4.399125051311048,4.399125051311048,4.131704747268006,False,True,False
9.55,S1,1000,BASELINE_UTILITARIAN,191,17.960976746471566,8.026106944573769,0.2414052895576709,0.009937295058732865,-0.5,25.021385737975063,-0.883463261197456,0.25,True,11.367929291602307,7.747534592899783,999.0,0.2667346089725549,4.3983384060046795,4.3983384060046795,4.131603797032125,False,True,False
9.600000000000001,S1,1000,BASELINE_UTILITARIAN,192,17.95396167824488,8.035292233428791,0.23118358771420203,-0.20443403686937756,-0.5,25.021385737975063,-0.870963261197456,0.25,True,11.369690839051573,7.7076841063817625,999.0,0.2661417340066159,4.397656955478911,4.397656955478911,4.131515221472295,False,True,False
9.65,S1,1000,BASELINE_UTILITARIAN,193,17.946971400327186,8.044246082121916,0.23186953677213204,0.013718981158600263,-0.5,25.021385737975063,-0.8584632611974561,0.25,True,11.371260786401123,7.673600080738568,999.0,0.26561437839722196,4.397049802937853,4.397049802937853,4.131435424540631,False,True,False
9.700000000000001,S1,1000,BASELINE_UTILITARIAN,194,17.940198868017365,8.053035498207592,0.22184823107643356,-0.20042611391396958,-0.5,25.021385737975063,-0.8459632611974561,0.25,True,11.372571670785542,7.64539724013937,999.0,0.2651747887171782,4.396542967360903,4.396542967360903,4.131368178643725,False,True,False
9.75,S1,1000,BASELINE_UTILITARIAN,195,17.93345473370292,8.061601910344834,0.2227152546248645,0.017340470968618682,-0.5,25.021385737975063,-0.8334632611974562,0.25,True,11.373695543986878,7.62312489746373,999.0,0.26479845007044434,4.396108530128041,4.396108530128041,4.131310080057597,False,True,False
9.8,S1,1000,BASELINE_UTILITARIAN,196,17.92692427267731,8.070014282996624,0.21288663542179953,-0.1965723840612993,-0.5,25.021385737975063,-0.8209632611974562,0.25,True,11.374570988567354,7.606887243714201,999.0,0.264505644270573,4.395770183355072,4.395770183355072,4.1312645390844995,False,True,False
9.850000000000001,S1,1000,BASELINE_UTILITARIAN,197,17.92040676729626,8.078210902361306,0.2139273685675701,0.020814662915411564,-0.5,25.021385737975063,-0.8084632611974563,0.25,True,11.375274943107327,7.596693324914009,999.0,0.2642704144766755,4.395498152798209,4.395498152798209,4.131227738321533,False,True,False
9.9,S1,1000,BASELINE_UTILITARIAN,198,17.914110344663875,8.086262489248853,0.20428334613382695,-0.1928804486748631,-0.5,25.021385737975063,-0.7959632611974563,0.25,True,11.37573284664589,7.592630040610371,999.0,0.2641175083073101,4.395321222293155,4.395321222293155,4.131203713985845,False,True,False
9.950000000000001,S1,1000,BASELINE_UTILITARIAN,199,17.90782286417127,8.094106332511103,0.20549137581116977,0.0241605935468564,-0.5,25.021385737975063,-0.7834632611974564,0.25,True,11.376028245864127,7.59466573417519,999.0,0.2640189103379549,4.395207089801136,4.395207089801136,4.131188179463182,False,True,False
0.0,S1,1000,FULL_DRA,0,1.2711040209966011,-1.5001323373094522,2.9344916401043726,58.68983280208745,-0.0,25.021385737975063,-3.1584632611974683,0.0,False,23.80810666745604,61.53640995348056,8.093491013023886,7.378896478717913e-12,2.1001249993703355,2.1001249993703355,2.1001249993629565,False,False,False
0.05,S1,1000,FULL_DRA,1,1.42290417356031,-1.5003473779556487,3.1095753444200036,3.5016740863126206,-0.0,25.021385737975063,-3.1584632611974683,0.0,False,23.656662495548307,61.159817149883914,7.588972432123632,1.100084429997802e-11,2.113569486372347,2.113569486372347,2.113569486361346,False,False,False
0.1,S1,1000,FULL_DRA,2,1.5843280754790037,-1.5005686809302574,3.3146862487806925,4.102218087213778,-0.0,25.021385737975063,-3.1584632611974683,0.0,False,23.495622705398652,60.773608588674506,7.070671521661328,1.677395277086735e-11,2.1280559628884137,2.1280559628884137,2.1280559628716396,False,False,False
0.15000000000000002,S1,1000,FULL_DRA,3,1.7570643798997327,-1.5008790694101606,3.549404904623714,4.694373116860433,-0.0,25.021385737975063,-3.1584632611974683,0.0,False,23.323298085919646,60.37609954528339,6.554428695291857,2.626014533930375e-11,2.1437791437474774,2.1437791437474774,2.143779143721217,False,False,False
0.2,S1,1000,FULL_DRA,4,1.9420343158067581,-1.5011890336286626,3.7992931750296393,4.997765408118502,-0.0,25.021385737975063,-3.1584632611974683,0.0,False,23.1387774079208,59.96636668375865,6.074643455749702,4.228117924340002e-11,2.160874756627554,2.160874756627554,2.160874756585273,False,False,False
0.25,S1,1000,FULL_DRA,5,2.1395975083713683,-1.5015364437406618,4.05160912223507,5.0463189441086165,-0.0,25.021385737975063,-3.1584632611974683,0.0,False,22.941700875541848,59.54405220382016,5.647580390721639,7.002576259175918e-11,2.179437360431502,2.179437360431502,2.1794373603614763,False,False,False
0.30000000000000004,S1,1000,FULL_DRA,6,2.3497306058617085,-1.501902796681577,4.302162884629273,5.011075247884058,-0.0,25.021385737975063,-3.1584632611974683,0.0,False,22.73209491010626,59.10917922621979,5.26982723343982,1.1919065165611604e-10,2.1995333117217872,2.1995333117217872,2.199533311602597,False,False,False
0.35000000000000003,S1,1000,FULL_DRA,7,2.5723268174986487,-1.5022902506382252,4.550860090205399,4.973944111522517,-0.0,25.021385737975063,-3.1584632611974683,0.0,False,22.51006786875434,58.66185497443793,4.932926628263625,2.08258264827232e-10,2.2212283095513783,2.2212283095513783,2.22122830934312,False,False,False
0.4,S1,1000,FULL_DRA,8,2.807302233720833,-1.502700399180526,4.797833403987903,4.939466275650091,-0.0,25.021385737975063,-3.1584632611974683,0.0,False,22.27570552393828,58.2021638113058,4.630023936593993,3.731183162211199e-10,2.244597817396544,2.244597817396544,2.2445978170234255,False,False,False
0.45,S1,1000,FULL_DRA,9,3.054572850864089,-1.503131022342103,5.043162964131679,4.906591202875514,-0.0,25.021385737975063,-3.1584632611974683,0.0,False,22.029094244619746,57.73019008988206,4.355761065693259,6.846440652919638e-10,2.269725638502441,2.269725638502441,2.269725637817797,False,False,False
0.5,S1,1000,FULL_DRA,10,3.314047120531617,-1.5035834252064717,5.285702086187209,4.850782441110599,-0.0,25.021385737975063,-3.145963261197468,0.25,False,21.769381281470114,57.24602585261716,4.106803271067785,1.2879992250133065e-09,2.296803907907089,2.296803907907089,2.29680390661909,False,False,False
0.55,S1,1000,FULL_DRA,11,3.581298423433175,-1.504048547415266,5.356272323695971,1.4114047501752403,-0.0,25.021385737975063,-3.133463261197468,0.25,False,21.501914713919547,56.75409517481571,4.0028000853675145,2.4499538640826426e-09,2.3253743057417973,2.3253743057417973,2.3253743032918432,False,False,False
0.6000000000000001,S1,1000,FULL_DRA,12,3.849908239232734,-1.5045163976162996,5.39208047760511,0.716163078182781,-0.0,25.021385737975063,-3.120963261197468,0.25,False,21.233095863357608,56.26081255629899,3.926402357433958,4.63803184879247e-09,2.3548144049161492,2.3548144049161492,2.3548144002781175,False,False,False
0.65,S1,1000,FULL_DRA,13,4.1232804537221845,-1.5049926542004641,5.525310392013767,2.6645982881731456,-0.0,25.021385737975063,-3.1084632611974676,0.25,False,20.95953058775939,55.762776714694695,3.7822500097838496,8.806909929165947e-09,2.385549609073811,2.385549609073811,2.385549600266901,False,False,False
0.7000000000000001,S1,1000,FULL_DRA,14,4.403277295950408,-1.5054809709652943,5.654922243521246,2.592237030149569,-0.0,25.021385737975063,-3.0959632611974675,0.25,False,20.679362408996816,55.25812711563655,3.646046321087172,1.683805981114109e-08,2.4178695170140676,2.4178695170140676,2.4178695001760078,False,False,False
0.75,S1,1000,FULL_DRA,15,4.692096774365936,-1.50598434773309,5.860713445246504,4.115824034505167,-0.0,25.021385737975063,-3.0834632611974673,0.25,False,20.390400424914283,54.74466776361594,3.4687396259064274,3.255571433144517e-08,2.4521342866276834,2.4521342866276834,2.4521342540719693,False,False,False
0.8,S1,1000,FULL_DRA,16,4.990547887991784,-1.5065042858484787,6.043202559668391,3.6497822884377307,-0.0,25.021385737975063,-3.070963261197467,0.25,False,20.09183906111814,54.221590811480596,3.3146063949050273,6.371508757954411e-08,2.48857259148369,2.48857259148369,2.4885725277686026,False,False,False
0.8500000000000001,S1,1000,FULL_DRA,17,5.299943363764703,-1.50704368915342,6.285171122192636,4.8393712504848985,-0.0,25.021385737975063,-3.058463261197467,0.25,False,19.782370737801404,53.68758517051612,3.1377733383542896,1.2646506475815482e-07,2.527502929891858,2.527502929891858,2.5275028034267932,False,False,False
0.9,S1,1000,FULL_DRA,18,5.620420536042742,-1.5076010767146784,6.492813360898187,4.152844774111024,-0.0,25.021385737975063,-3.0459632611974667,0.25,False,19.46186036783831,53.14251426237729,2.988067594668774,2.5436088055792363e-07,2.569127465462011,2.569127465462011,2.5691272111011307,False,False,False
0.9500000000000001,S1,1000,FULL_DRA,19,5.952788509714587,-1.5081822401052136,6.750223521408001,5.148203210196289,-0.0,25.021385737975063,-3.0334632611974666,0.25,False,19.12950293256276,52.58557056184001,2.8248838231482796,5.186953067768912e-07,2.613763680962595,2.613763680962595,2.613763162267288,False,False,False
1.0,S1,1000,FULL_DRA,20,6.296848757398676,-1.5087830155227664,6.968612233622732,4.3677742442946155,-0.0,25.021385737975063,-3.0209632611974664,0.25,False,18.785499041345204,52.01695315762148,2.686982192843606,1.0705444664497583e-06,2.6616274547700045,2.6616274547700045,2.661626384225538,False,False,False
1.05,S1,1000,FULL_DRA,21,6.653188763653022,-1.5093970148982692,7.231476274065645,5.257280808858251,-0.0,25.021385737975063,-3.008463261197466,0.25,False,18.429266390670218,51.43607568261951,2.540034189173266,2.235966849123538e-06,2.71307598143529,2.71307598143529,2.713073745468441,False,False,False
1.1,S1,1000,FULL_DRA,22,7.021442440756095,-1.5100337487941147,7.453973507003651,4.449944658760128,-0.0,25.021385737975063,-2.995963261197466,0.25,True,18.061172310205375,50.843305324759285,2.414811815511079,4.715670917730343e-06,2.7683695798499053,2.7683695798499053,2.7683648641789875,False,False,False
1.1500000000000001,S1,1000,FULL_DRA,23,7.401762741859542,-1.510706137318948,7.699616964173481,4.912869143396605,-0.0,25.021385737975063,-2.983463261197466,0.25,True,17.681066938145385,50.23849085109155,2.288376561860166,1.003078455351826e-05,2.8278836438387827,2.8278836438387827,2.827873613054229,False,False,False
1.2000000000000002,S1,1000,FULL_DRA,24,7.791012269960939,-1.511383323895302,7.8315886506502235,2.6394337295348436,-0.0,25.021385737975063,-2.9709632611974657,0.25,True,17.292083259128148,49.624767023012865,2.2001121658226466,2.1358200056518475e-05,2.8914966028518276,2.8914966028518276,2.891475244651771,False,False,False
1.25,S1,1000,FULL_DRA,25,8.185566001214656,-1.5120669948637726,7.922587500774109,1.8199770024777173,-0.0,25.021385737975063,-2.9584632611974655,0.25,True,16.8978367955178,49.00575691093061,2.125040554631349,4.516322942938279e-05,2.958958629146107,2.958958629146107,2.9589134659166776,False,False,False
1.3,S1,1000,FULL_DRA,26,8.58167673745938,-1.512756127550631,7.916521835913241,-0.1213132972173625,-0.0,25.021385737975063,-2.9459632611974653,0.25,True,16.50206395302032,48.38520529351395,2.0766328118918422,9.412837686985957e-05,3.029924022979481,3.029924022979481,3.029829894602611,False,False,False
1.35,S1,1000,FULL_DRA,27,8.977054792458409,-1.5134437836046857,7.899401179960242,-0.3424131190599766,-0.0,25.021385737975063,-2.933463261197465,0.25,True,16.10704848213993,47.76540018833454,2.0310819238069646,0.00019253470928481725,3.1042310486270517,3.1042310486270517,3.104038513917767,False,False,False
1.4000000000000001,S1,1000,FULL_DRA,28,9.369540269600463,-1.514125068791401,7.815636964777041,-1.6752843036640286,-0.0,25.021385737975063,-2.920963261197465,0.25,True,15.714943851808407,47.148499829846365,2.0026321000979483,0.00038508870012926653,3.18168492814858,3.18168492814858,3.181299839448451,False,False,False
1.4500000000000002,S1,1000,FULL_DRA,29,9.758400546454109,-1.514800889938158,7.753014029313317,-1.252458709274471,-0.0,25.021385737975063,-2.908463261197465,0.25,True,15.326480736348186,46.535236567305,1.968651821577162,0.0007524898464686372,3.2623275271158834,3.2623275271158834,3.261575037269415,False,False,False
1.5,S1,1000,FULL_DRA,30,10.14284949345125,-1.5154687043913952,7.648115719492924,-2.0979661964078744,-0.0,25.021385737975063,-2.8959632611974646,0.25,True,14.942443106834302,45.92639599624565,1.9453858689144248,0.001435384194192023,3.346173021540985,3.346173021540985,3.344737637346793,False,False,False
1.55,S1,1000,FULL_DRA,31,10.523329774873481,-1.5161295135253567,7.586669557772362,-1.22892323441123,-0.0,25.021385737975063,-2.8834632611974644,0.25,True,14.562390884973125,45.32153621502874,1.9109908310490034,0.0026762002547794355,3.4335021216601738,3.4335021216601738,3.430825921405394,False,False,False
1.6,S1,1000,FULL_DRA,32,10.899932986169011,-1.5167839190246752,7.498544598696222,-1.7624991815227986,-0.0,25.021385737975063,-2.8709632611974643,0.25,True,14.18623380296047,44.720566074976304,1.8832258134813733,0.004880148661311604,3.524543631133846,3.524543631133846,3.5196634824725344,False,False,False
1.6500000000000001,S1,1000,FULL_DRA,33,11.273758119799252,-1.5174329441084637,7.4648404876128405,-0.6740822216676357,-0.0,25.021385737975063,-2.858463261197464,0.25,True,13.812879042378608,44.12238812627816,1.8416505538180796,0.00872272207262769,3.6198101674963983,3.6198101674963983,3.6110874454237707,False,False,False
1.7000000000000002,S1,1000,FULL_DRA,34,11.645324181348824,-1.5180785682468638,7.411519605215801,-1.066417647940785,-0.0,25.021385737975063,-2.845963261197464,0.25,True,13.441811653360823,43.526484470981714,1.8047664000258377,0.015298929349227781,3.7197366909614913,3.7197366909614913,3.7044377616122635,False,False,False
1.75,S1,1000,FULL_DRA,35,12.01589807650467,-1.518722441055445,7.414087317609337,0.05135424787072296,-0.0,25.021385737975063,-2.8334632611974637,0.25,True,13.071773129029067,42.93159021139041,1.7541589550180798,0.026386197704098925,3.825035785616779,3.825035785616779,3.79864958791268,False,False,False
1.8,S1,1000,FULL_DRA,36,12.38602169206918,-1.5193659773874515,7.396240236660895,-0.3569416189688468,-0.0,25.021385737975063,-2.8209632611974635,0.25,True,12.702227366166639,42.337164823347216,1.7083495994730211,0.044790207867493936,3.9363175102013095,3.9363175102013095,3.8915273023338157,False,False,False
1.85,S1,1000,FULL_DRA,37,12.756778766358588,-1.5200105768732612,7.428799538099583,0.6511860287737647,-0.0,25.021385737975063,-2.8084632611974634,0.25,True,12.332100165339465,41.74212667759086,1.6509540887078473,0.07494548345147332,4.05445944564493,4.05445944564493,3.979513962193457,False,False,False
1.9000000000000001,S1,1000,FULL_DRA,38,13.128367732651638,-1.520656589778838,7.434058506421218,0.10517936643269721,-0.0,25.021385737975063,-2.795963261197463,0.25,True,11.9611991197,41.146278528822876,1.5998015074875656,0.12363569541451644,4.18018289802152,4.18018289802152,4.056547202607003,False,False,False
1.9500000000000002,S1,1000,FULL_DRA,39,13.500948853575563,-1.5213038773221967,7.4538822917919925,0.39647570741548677,-0.0,25.021385737975063,-2.783463261197463,0.25,True,11.589370660986594,40.549461317324244,1.5455619546186667,0.2011048950863921,4.314298115282089,4.314298115282089,4.113193220195696,False,False,False
2.0,S1,1000,FULL_DRA,40,13.871019020817675,-1.5219463476334454,7.3558456732507835,-1.9607323708241786,-0.0,25.021385737975063,-2.770963261197463,0.25,True,11.220103438803948,39.95517444611709,1.5158510948245172,0.3211022085548399,4.4562869025858065,4.4562869025858065,4.135184694030967,False,False,False
2.0500000000000003,S1,1000,FULL_DRA,41,14.235739151894807,-1.5225806026341502,7.251183478412907,-2.093243896757535,-0.0,25.021385737975063,-2.7584632611974627,0.25,True,10.856223018414932,39.36625380102867,1.4874325850655417,0.5017215069462122,4.605653358003719,4.605653358003719,4.103931851057507,False,False,False
2.1,S1,1000,FULL_DRA,42,14.592987485558636,-1.5232008070616132,7.071856886307868,-3.5865318421007686,-0.0,25.021385737975063,-2.7459632611974625,0.25,True,10.499839909743686,38.78481835621423,1.474633666952071,0.7657649003340449,4.761977366302584,4.761977366302584,3.9962124659685387,False,False,False
2.15,S1,1000,FULL_DRA,43,14.942229832656473,-1.5238082180091794,6.927468401569339,-2.88776969477059,-0.0,25.021385737975063,-2.7334632611974623,0.25,True,10.151485068069078,38.21140175192593,1.4549551612585159,1.142005563537083,4.925387730438787,4.925387730438787,3.7833821669017045,False,False,False
2.2,S1,1000,FULL_DRA,44,15.282405289038453,-1.524398964461426,6.721160128184081,-4.12616546770515,-0.0,25.021385737975063,-2.720963261197462,0.25,True,9.812212100285691,37.64706320909935,1.4490028898579272,1.6637460113138947,5.095690909345937,5.095690909345937,3.431944898032042,False,False,False
2.25,S1,1000,FULL_DRA,45,15.613822962875858,-1.5249740045469053,6.567534978885714,-3.072502985967347,-0.0,25.021385737975063,-2.708463261197462,0.25,True,9.48171314626421,37.091494028203925,1.4324343616507615,2.3710395255796493,5.27330865516639,5.27330865516639,2.9022691295867404,False,False,False
2.3000000000000003,S1,1000,FULL_DRA,46,15.935902867291896,-1.5255342945166461,6.3586523480450605,-4.17765261681307,-0.0,25.021385737975063,-2.6959632611974618,0.25,True,9.160562371357054,36.5452732749184,1.428837806092113,3.3066597656354437,5.458180182947977,5.458180182947977,2.1515204173125335,False,False,False
2.35,S1,1000,FULL_DRA,47,16.24936998588256,-1.5260786390568626,6.211202511680299,-2.9489967272952278,-0.0,25.021385737975063,-2.6834632611974616,0.25,True,8.848039303626908,36.00767686290799,1.412289445658315,4.520447344684016,5.650969472920905,5.650969472920905,1.1305221282368887,False,False,False
2.4000000000000004,S1,1000,FULL_DRA,48,16.553907618692527,-1.5266076983207455,6.011280397540498,-3.998442282796031,-0.0,25.021385737975063,-2.6709632611974614,0.25,True,8.544456410727097,35.47902090317609,1.4085980954651502,6.0614427966167455,5.851747331430907,6.0614427966167455,0.20969546518583826,False,False,False
2.45,S1,1000,FULL_DRA,49,16.850382003077804,-1.52712299218679,5.876303713492227,-2.699533680965409,-0.0,25.021385737975063,-2.6584632611974612,0.25,True,8.248953439072746,34.95844052523715,1.390500582217408,7.985620135056722,6.061374981602567,7.985620135056722,1.9242451534541551,False,False,False
2.5,S1,1000,FULL_DRA,50,17.13856802276844,-1.5276253058007825,5.689373252941305,-3.738609211018442,-0.0,25.021385737975063,-2.645963261197461,0.25,True,7.961752000260759,34.446160431976914,1.3855335842364265,10.34284057188466,6.280024798356244,10.34284057188466,4.062815773528415,False,False,False
2.5500000000000003,S1,1000,FULL_DRA,51,17.419129609491122,-1.5281135194178859,5.557747028599255,-2.6325244868409925,-0.0,25.021385737975063,-2.633463261197461,0.25,True,7.682193455955389,33.94151768654581,1.3678665274550958,13.187390898597295,6.50855778192347,13.187390898597295,6.678833116673825,False,False,False
2.6,S1,1000,FULL_DRA,52,17.683366242559988,-1.5285728985892746,4.878755942461615,-13.5798217227528,-0.0,25.021385737975063,-2.6209632611974607,0.25,True,7.418884472709557,33.453195856239105,1.5040759533695016,16.44734205147493,6.739557703577339,16.44734205147493,9.70778434789759,False,False,False
2.6500000000000004,S1,1000,FULL_DRA,53,17.886985375441242,-1.528927322520076,3.53904819376517,-26.794154973928908,-0.0,25.021385737975063,-2.6084632611974605,0.25,True,7.215612681943147,33.025397487675114,2.0159093552618677,19.403034414138887,6.929418499017206,19.403034414138887,12.47361591512168,False,False,False
2.7,S1,1000,FULL_DRA,54,18.02323261429639,-1.5291636402970425,2.1960310023725276,-26.860343827852844,-0.0,25.021385737975063,-2.5959632611974603,0.25,True,7.078997709676621,32.66485484049525,3.1867278358630062,21.626546550802555,7.063146797130985,21.626546550802555,14.56339975367157,False,False,False
2.75,S1,1000,FULL_DRA,55,18.092688016579338,-1.5292837558213677,0.8642703871441229,-26.635212304568093,-0.0,25.021385737975063,-2.58346326119746,0.25,True,7.008433958027235,32.37098083400797,8.016817218846025,22.854481736457394,7.134261419804293,22.854481736457394,15.720220316653101,False,False,False
2.8000000000000003,S1,1000,FULL_DRA,56,18.103685815285957,-1.5293038103396412,0.00018907274347218427,-17.281626288013012,-0.0,25.021385737975063,-2.57096326119746,0.25,True,6.995686287415573,32.13545187933871,999.0,23.08227502982391,7.14726160461829,23.08227502982391,15.935013425205621,False,False,False
2.85,S1,1000,FULL_DRA,57,18.1038384743663,-1.5293048131473626,0.0004664707379357252,0.0055479598892708175,-0.0,25.021385737975063,-2.55846326119746,0.25,True,6.993684812418557,31.910751823506292,999.0,23.11820793135632,7.1493070307108955,23.11820793135632,15.968900900645425,False,False,False
2.9000000000000004,S1,1000,FULL_DRA,58,18.104097971277184,-1.5293055645364149,0.0005297335654718162,0.00126525655072182,-0.0,25.021385737975063,-2.5459632611974596,0.25,True,6.9915994535934525,31.685951558764017,999.0,23.155695358210465,7.15143942839884,23.155695358210465,16.004255929811627,False,False,False
2.95,S1,1000,FULL_DRA,59,18.104338388743738,-1.5293063097475112,0.00046316053848927824,-0.001331460539650759,-0.0,25.021385737975063,-2.5334632611974595,0.25,True,6.989554722201791,31.46117690276837,999.0,23.19250058784446,7.153531517705812,23.19250058784446,16.03896907013865,False,False,False
3.0,S1,1000,FULL_DRA,60,18.10452539317645,-1.5293074190139606,0.00037064951050222683,-0.0018502205597410281,-0.0,25.021385737975063,-2.5209632611974593,0.25,True,6.9875845854475545,31.236462280730375,999.0,23.2280082417366,7.155548442895522,23.2280082417366,16.072459798841077,False,False,False
3.0500000000000003,S1,1000,FULL_DRA,61,18.1046742387205,-1.5293085159244981,0.0002853304498456419,-0.0017063812131316988,-0.0,25.021385737975063,-2.508463261197459,0.25,True,6.985674053311596,31.01179258805442,999.0,23.262483982689655,7.157505434468021,23.262483982689655,16.104978548221634,False,False,False
3.1,S1,1000,FULL_DRA,62,18.10479254068563,-1.5293089355814544,0.00021556198590803272,-0.0013953692787521833,-0.0,25.021385737975063,-2.495963261197459,0.25,True,6.983815722226826,30.787160328606785,999.0,23.296057777287178,7.159409982836323,23.296057777287178,16.136647794450855,False,False,False
3.1500000000000004,S1,1000,FULL_DRA,63,18.104884124370983,-1.5293090605740502,0.0001612777292398389,-0.0010856851333638762,-0.0,25.021385737975063,-2.4834632611974587,0.25,True,6.982005786989519,30.562561861391192,999.0,23.32879519544483,7.1612659063061095,23.32879519544483,16.16752928913872,False,False,False
3.2,S1,1000,FULL_DRA,64,18.10495662861201,-1.5293091793886902,0.00012005187671600854,-0.0008245170504766072,-0.0,25.021385737975063,-2.4709632611974586,0.25,True,6.980236674686019,30.33798973978427,999.0,23.3608304663824,7.163080899724517,23.3608304663824,16.197749566657883,False,False,False
3.25,S1,1000,FULL_DRA,65,18.10500623987241,-1.5293093861281903,8.911998838924313e-05,-0.0006186377665353082,-0.0,25.021385737975063,-2.4584632611974584,0.25,True,6.978512182788746,30.113447936606796,999.0,23.392092257136603,7.164851001237207,23.392092257136603,16.227241255899397,False,False,False
3.3000000000000003,S1,1000,FULL_DRA,66,18.105044398761066,-1.5293093984841022,6.603875081895274e-05,-0.0004616247514058078,-0.0,25.021385737975063,-2.445963261197458,0.25,True,6.976821040025878,29.888925184667173,999.0,23.4227826032459,7.166587721420836,23.4227826032459,16.256194881825063,False,False,False
3.35,S1,1000,FULL_DRA,67,18.10507493057714,-1.5293095990456465,4.891796118306213e-05,-0.0003424157927178122,-0.0,25.021385737975063,-2.433463261197458,0.25,True,6.975159426802505,29.664417865744927,999.0,23.452969014386568,7.1682949364385475,23.452969014386568,16.28467407794802,False,False,False
3.4000000000000004,S1,1000,FULL_DRA,68,18.105093998258617,-1.5293091285315654,3.61825631559756e-05,-0.0002547079605417306,-0.0,25.021385737975063,-2.420963261197458,0.25,True,6.973531280575868,29.439929926721298,999.0,23.48257818064513,7.169968555137971,23.48257818064513,16.31260962550716,False,False,False
3.45,S1,1000,FULL_DRA,69,18.105093998258617,-1.5293091285315654,0.0,-0.000723651263119512,-0.0,25.021385737975063,-2.4084632611974577,0.25,True,6.971944019988503,29.215469213919476,999.0,23.511473126474677,7.171600898780947,23.511473126474677,16.33987222769373,False,False,False
3.5,S1,1000,FULL_DRA,70,18.105093998258617,-1.5293091285315654,0.0,0.0,-0.0,25.021385737975063,-2.3959632611974575,0.25,True,6.970378814278089,28.99101686192971,999.0,23.539994943068564,7.173211289116777,23.539994943068564,16.366783653951785,False,False,False
3.5500000000000003,S1,1000,FULL_DRA,71,18.105093998258617,-1.5293091285315654,0.0,0.0,-0.0,25.021385737975063,-2.3834632611974573,0.25,True,6.968835678305248,28.76657306645874,999.0,23.568142186850043,7.174799680763819,23.568142186850043,16.393342506086224,False,False,False
3.6,S1,1000,FULL_DRA,72,18.105093998258617,-1.5293091285315654,0.0,0.0,-0.0,25.021385737975063,-2.370963261197457,0.25,True,6.967314626734141,28.542138029361528,999.0,23.595913432024236,7.17636602890675,23.595913432024236,16.419547403117488,False,False,False
3.6500000000000004,S1,1000,FULL_DRA,73,18.105093998258617,-1.5293091285315654,0.0,0.0,-0.0,25.021385737975063,-2.358463261197457,0.25,True,6.965815674031783,28.317711958884352,999.0,23.623307270698398,7.177910289300007,23.623307270698398,16.44539698139839,False,False,False
3.7,S1,1000,FULL_DRA,74,18.105093998258617,-1.5293091285315654,0.0,0.0,-0.0,25.021385737975063,-2.345963261197457,0.25,True,6.964338834467362,28.09329506991941,999.0,23.650322313001094,7.179432418271194,23.650322313001094,16.4708898947299,False,False,False
3.75,S1,1000,FULL_DRA,75,18.105093998258617,-1.5293091285315654,0.0,0.0,-0.0,25.021385737975063,-2.3334632611974566,0.25,True,6.962884122111581,27.868887584271725,999.0,23.676957187199413,7.180932372724434,23.676957187199413,16.49602481447498,False,False,False
3.8000000000000003,S1,1000,FULL_DRA,76,18.105093998258617,-1.5293091285315654,0.0,0.0,-0.0,25.021385737975063,-2.3209632611974564,0.25,True,6.961451550835998,27.644489730938986,999.0,23.70321053981521,7.182410110143698,23.70321053981521,16.52080042967151,False,False,False
3.85,S1,1000,FULL_DRA,77,18.105093998258617,-1.5293091285315654,0.0,0.0,-0.0,25.021385737975063,-2.3084632611974563,0.25,True,6.960041134312374,27.420101746405088,999.0,23.729081035739615,7.183865588596095,23.729081035739615,16.54521544714352,False,False,False
3.9000000000000004,S1,1000,FULL_DRA,78,18.105093998258617,-1.5293091285315654,0.0,0.0,-0.0,25.021385737975063,-2.295963261197456,0.25,True,6.958652886012035,27.19572387494813,999.0,23.754567358346247,7.185298766735111,23.754567358346247,16.569268591611134,False,False,False
3.95,S1,1000,FULL_DRA,79,18.105093998258617,-1.5293091285315654,0.0,0.0,-0.0,25.021385737975063,-2.283463261197456,0.25,True,6.957286819205241,26.971356368963725,999.0,23.779668209602725,7.1867096038038145,23.779668209602725,16.592958605798913,False,False,False
4.0,S1,1000,FULL_DRA,80,18.105093998258617,-1.5293091285315654,0.0,0.0,-0.0,25.021385737975063,-2.2709632611974557,0.25,True,6.955942946960557,26.746999489304525,999.0,23.804382310181015,7.188098059638027,23.804382310181015,16.61628425054299,False,False,False
4.05,S1,1000,FULL_DRA,81,18.105093998258617,-1.5293091285315654,0.0,0.0,-0.0,25.021385737975063,-2.2584632611974556,0.25,True,6.954621282144246,26.522653505636892,999.0,23.828708399565883,7.1894640946694395,23.828708399565883,16.639244304896444,False,False,False
4.1000000000000005,S1,1000,FULL_DRA,82,18.105093998258617,-1.5293091285315654,0.0,0.0,-0.0,25.021385737975063,-2.2459632611974554,0.25,True,6.953321837419654,26.298318696815755,999.0,23.85264523616222,7.190807669928704,23.85264523616222,16.661837566233515,False,False,False
4.15,S1,1000,FULL_DRA,83,18.105093998258617,-1.5293091285315654,0.0,0.0,-0.0,25.021385737975063,-2.233463261197455,0.25,True,6.952044625246618,26.073995351278743,999.0,23.876191597400517,7.192128747048469,23.876191597400517,16.68406285035205,False,False,False
4.2,S1,1000,FULL_DRA,84,18.105093998258617,-1.5293091285315654,0.0,0.0,-0.0,25.021385737975063,-2.220963261197455,0.25,True,6.950789657880875,25.84968376746071,999.0,23.89934627984096,7.193427288266377,23.89934627984096,16.70591899157458,False,False,False
4.25,S1,1000,FULL_DRA,85,18.105093998258617,-1.5293091285315654,0.0,0.0,-0.0,25.021385737975063,-2.208463261197455,0.25,True,6.949556947373487,25.62538425422999,999.0,23.92210809927588,7.194703256428021,23.92210809927588,16.72740484284786,False,False,False
4.3,S1,1000,FULL_DRA,86,18.105093998258617,-1.5293091285315654,0.0,0.0,-0.0,25.021385737975063,-2.1959632611974547,0.25,True,6.94834650557026,25.401097131347587,999.0,23.944475890830788,7.1959566149898615,23.944475890830788,16.748519275840927,False,False,False
4.3500000000000005,S1,1000,FULL_DRA,87,18.105093998258617,-1.5293091285315654,0.0,0.0,-0.0,25.021385737975063,-2.1834632611974545,0.25,True,6.947158344111195,25.176822729950874,999.0,23.966448509063603,7.197187328022087,23.966448509063603,16.769261181041514,False,False,False
4.4,S1,1000,FULL_DRA,88,18.105093998258617,-1.5293091285315654,0.0,0.0,-0.0,25.021385737975063,-2.1709632611974543,0.25,True,6.945992474429925,24.952561393063185,999.0,23.98802482806245,7.198395360211447,23.98802482806245,16.789629467851004,False,False,False
4.45,S1,1000,FULL_DRA,89,18.105093998258617,-1.5293091285315654,0.0,0.0,-0.0,25.021385737975063,-2.158463261197454,0.25,True,6.944848907753178,24.728313476131035,999.0,24.009203741541818,7.199580676864024,24.009203741541818,16.809623064677794,False,False,False
4.5,S1,1000,FULL_DRA,90,18.105093998258617,-1.5293091285315654,0.0,0.0,-0.0,25.021385737975063,-2.145963261197454,0.25,True,6.943727655100238,24.50407934759068,999.0,24.029984162937083,7.200743243907974,24.029984162937083,16.82924091902911,False,False,False
4.55,S1,1000,FULL_DRA,91,18.105093998258617,-1.5293091285315654,0.0,0.0,-0.0,25.021385737975063,-2.1334632611974538,0.25,True,6.942628727282427,24.27985938946592,999.0,24.050365025497367,7.201883027896213,24.050365025497367,16.848481997601155,False,False,False
4.6000000000000005,S1,1000,FULL_DRA,92,18.105093998258617,-1.5293091285315654,0.0,0.0,-0.0,25.021385737975063,-2.1209632611974536,0.25,True,6.9415521349025795,24.055653997999155,999.0,24.070345282376888,7.202999996009066,24.070345282376888,16.867345286367822,False,False,False
4.65,S1,1000,FULL_DRA,93,18.105093998258617,-1.5293091285315654,0.0,0.0,-0.0,25.021385737975063,-2.1084632611974534,0.25,True,6.940497888354546,23.83146358431788,999.0,24.08992390672443,7.2040941160568535,24.08992390672443,16.885829790667575,False,False,False
4.7,S1,1000,FULL_DRA,94,18.105093998258617,-1.5293091285315654,0.0,0.0,-0.0,25.021385737975063,-2.0959632611974532,0.25,True,6.9394659978226905,23.60728857513894,999.0,24.10909989177144,7.205165356482455,24.10909989177144,16.903934535288982,False,False,False
4.75,S1,1000,FULL_DRA,95,18.105093998258617,-1.5293091285315654,0.0,0.0,-0.0,25.021385737975063,-2.083463261197453,0.25,True,6.938456473281404,23.38312941351311,999.0,24.127872250918205,7.206213686363807,24.127872250918205,16.9216585645544,False,False,False
4.800000000000001,S1,1000,FULL_DRA,96,18.105093998258617,-1.5293091285315654,0.0,0.0,-0.0,25.021385737975063,-2.070963261197453,0.25,True,6.9374693244946295,23.158986559612625,999.0,24.146240017818513,7.207239075416355,24.146240017818513,16.93900094240216,False,False,False
4.8500000000000005,S1,1000,FULL_DRA,97,18.105093998258617,-1.5293091285315654,0.0,0.0,-0.0,25.021385737975063,-2.0584632611974527,0.25,True,6.936504561015391,22.934860491564685,999.0,24.164202246462484,7.208241493995474,24.164202246462484,16.95596075246701,False,False,False
4.9,S1,1000,FULL_DRA,98,18.105093998258617,-1.5293091285315654,0.0,0.0,-0.0,25.021385737975063,-2.0459632611974525,0.25,True,6.935562192185337,22.710751706333962,999.0,24.181758011257823,7.209220913098815,24.181758011257823,16.97253709815901,False,False,False
4.95,S1,1000,FULL_DRA,99,18.105093998258617,-1.5293091285315654,0.0,0.0,-0.0,25.021385737975063,-2.0334632611974524,0.25,True,6.93464222713429,22.486660720657646,999.0,24.198906407109313,7.2101773043686315,24.198906407109313,16.98872910274068,False,False,False
5.0,S1,1000,FULL_DRA,100,18.105093998258617,-1.5293091285315654,0.0,0.0,-0.0,25.021385737975063,-2.020963261197452,0.25,True,6.933744674779811,22.262588072036543,999.0,24.215646549496547,7.211110640094028,24.215646549496547,17.00453590940252,False,False,False
5.050000000000001,S1,1000,FULL_DRA,101,18.105093998258617,-1.5293091285315654,0.0,0.0,-0.0,25.021385737975063,-2.008463261197452,0.25,True,6.932869543826765,22.038534319786336,999.0,24.231977574549962,7.212020893213186,24.231977574549962,17.019956681336776,False,False,False
5.1000000000000005,S1,1000,FULL_DRA,102,18.105093998258617,-1.5293091285315654,0.0,0.0,-0.0,25.021385737975063,-1.995963261197452,0.25,True,6.932016842766908,21.814500046153167,999.0,24.24789863912524,7.212908037315522,24.24789863912524,17.034990601809717,False,False,False
5.15,S1,1000,FULL_DRA,103,18.105093998258617,-1.5293091285315654,0.0,0.0,-0.0,25.021385737975063,-1.983463261197452,0.25,True,6.931186579878473,21.590485857498273,999.0,24.263408920875655,7.213772046643804,24.263408920875655,17.04963687423185,False,False,False
5.2,S1,1000,FULL_DRA,104,18.105093998258617,-1.5293091285315654,0.0,0.0,-0.0,25.021385737975063,-1.9709632611974521,0.25,True,6.930378763225773,21.366492385556626,999.0,24.27850761832304,7.214612896096215,24.27850761832304,17.063894722226827,False,False,False
5.25,S1,1000,FULL_DRA,105,18.105093998258617,-1.5293091285315654,0.0,0.0,-0.0,25.021385737975063,-1.9584632611974522,0.25,True,6.929593400658811,21.142520288775074,999.0,24.293193950926803,7.215430561228368,24.293193950926803,17.077763389698433,False,False,False
5.300000000000001,S1,1000,FULL_DRA,106,18.105093998258617,-1.5293091285315654,0.0,0.0,-0.0,25.021385737975063,-1.9459632611974522,0.25,True,6.928830499812901,20.918570253735844,999.0,24.307467159150985,7.216225018255267,24.307467159150985,17.091242140895716,False,False,False
5.3500000000000005,S1,1000,FULL_DRA,107,18.105093998258617,-1.5293091285315654,0.0,0.0,-0.0,25.021385737975063,-1.9334632611974523,0.25,True,6.928090068108299,20.69464299667183,999.0,24.32132650452998,7.2169962440532185,24.32132650452998,17.104330260476765,False,False,False
5.4,S1,1000,FULL_DRA,108,18.105093998258617,-1.5293091285315654,0.0,0.0,-0.0,25.021385737975063,-1.9209632611974523,0.25,True,6.9273721127498415,20.470739265080656,999.0,24.334771269732087,7.217744216161696,24.334771269732087,17.11702705357039,False,False,False
5.45,S1,1000,FULL_DRA,109,18.105093998258617,-1.5293091285315654,0.0,0.0,-0.0,25.021385737975063,-1.9084632611974524,0.25,True,6.926676640726601,20.246859839445012,999.0,24.347800758621354,7.218468912785144,24.347800758621354,17.12933184583621,False,False,False
5.5,S1,1000,FULL_DRA,110,18.105093998258617,-1.5293091285315654,0.0,0.0,-0.0,25.021385737975063,-1.8959632611974524,0.25,True,6.9260036588115454,20.023005535067597,999.0,24.360414296317682,7.2191703127947315,24.360414296317682,17.14124398352295,False,False,False
5.550000000000001,S1,1000,FULL_DRA,111,18.105093998258617,-1.5293091285315654,0.0,0.0,-0.0,25.021385737975063,-1.8834632611974524,0.25,True,6.925353173561206,19.799177204029565,999.0,24.372611229255195,7.219848395730067,24.372611229255195,17.152762833525127,False,False,False
5.6000000000000005,S1,1000,FULL_DRA,112,18.105093998258617,-1.5293091285315654,0.0,0.0,-0.0,25.021385737975063,-1.8709632611974525,0.25,True,6.924725191315365,19.575375737282297,999.0,24.384390925238463,7.220503141800838,24.384390925238463,17.163887783437627,False,False,False
5.65,S1,1000,FULL_DRA,113,18.105093998258617,-1.5293091285315654,0.0,0.0,-0.0,25.021385737975063,-1.8584632611974525,0.25,True,6.924119718196745,19.351602066883167,999.0,24.395752773497296,7.221134531888415,24.395752773497296,17.174618241608883,False,False,False
5.7,S1,1000,FULL_DRA,114,18.105093998258617,-1.5293091285315654,0.0,0.0,-0.0,25.021385737975063,-1.8459632611974526,0.25,True,6.923536760110712,19.12785716838698,999.0,24.406696184739438,7.221742547547399,24.406696184739438,17.184953637192038,False,False,False
5.75,S1,1000,FULL_DRA,115,18.105093998258617,-1.5293091285315654,0.0,0.0,-0.0,25.021385737975063,-1.8334632611974526,0.25,True,6.922976322744985,18.90414206340583,999.0,24.41722059120158,7.2223271710071115,24.41722059120158,17.194893420194468,False,False,False
5.800000000000001,S1,1000,FULL_DRA,116,18.105093998258617,-1.5293091285315654,0.0,0.0,-0.0,25.021385737975063,-1.8209632611974527,0.25,True,6.922438411569368,18.680457822351304,999.0,24.427325446698305,7.222888385173026,24.427325446698305,17.20443706152528,False,False,False
5.8500000000000005,S1,1000,FULL_DRA,117,18.105093998258617,-1.5293091285315654,0.0,0.0,-0.0,25.021385737975063,-1.8084632611974527,0.25,True,6.9219230318354725,18.456805567374392,999.0,24.437010226669518,7.223426173628169,24.437010226669518,17.213584053041348,False,False,False
5.9,S1,1000,FULL_DRA,118,18.105093998258617,-1.5293091285315654,0.0,0.0,-0.0,25.021385737975063,-1.7959632611974528,0.25,True,6.921430188576472,18.23318647551982,999.0,24.44627442822568,7.223940520634433,24.44627442822568,17.22233390759125,False,False,False
5.95,S1,1000,FULL_DRA,119,18.105093998258617,-1.5293091285315654,0.0,0.0,-0.0,25.021385737975063,-1.7834632611974528,0.25,True,6.920959886606849,18.009601782113208,999.0,24.455117570191433,7.224431411133866,24.455117570191433,17.23068615905757,False,False,False
6.0,S1,1000,FULL_DRA,120,18.105093998258617,-1.5293091285315654,0.0,0.0,-0.0,25.021385737975063,-1.7709632611974528,0.25,True,6.920512130522165,17.786052784401367,999.0,24.46353919314721,7.224898830749887,24.46353919314721,17.238640362397323,False,False,False
6.050000000000001,S1,1000,FULL_DRA,121,18.105093998258617,-1.5293091285315654,0.0,0.0,-0.0,25.021385737975063,-1.7584632611974529,0.25,True,6.920086924698836,17.56254084546789,999.0,24.47153885946892,7.2253427657884535,24.47153885946892,17.246196093680467,False,False,False
6.1000000000000005,S1,1000,FULL_DRA,122,18.105093998258617,-1.5293091285315654,0.0,0.0,-0.0,25.021385737975063,-1.745963261197453,0.25,True,6.919684273293916,17.339067398448638,999.0,24.47911615336609,7.225763203239177,24.47911615336609,17.25335295012691,False,False,False
6.15,S1,1000,FULL_DRA,123,18.105093998258617,-1.5293091285315654,0.0,0.0,-0.0,25.021385737975063,-1.733463261197453,0.25,True,6.919304180244897,17.115633951074113,999.0,24.486270680917613,7.226160130776377,24.486270680917613,17.260110550141235,False,False,False
6.2,S1,1000,FULL_DRA,124,18.105093998258617,-1.5293091285315654,0.0,0.0,-0.0,25.021385737975063,-1.720963261197453,0.25,True,6.9189466492695155,16.892242090568594,999.0,24.493002070106066,7.226533536760089,24.493002070106066,17.26646853334598,False,False,False
6.25,S1,1000,FULL_DRA,125,18.105093998258617,-1.5293091285315654,0.0,0.0,-0.0,25.021385737975063,-1.708463261197453,0.25,True,6.918611683865572,16.66889348893902,999.0,24.499309970849875,7.226883410237003,24.499309970849875,17.27242656061287,False,False,False
6.300000000000001,S1,1000,FULL_DRA,126,18.105093998258617,-1.5293091285315654,0.0,0.0,-0.0,25.021385737975063,-1.695963261197453,0.25,True,6.918299287310759,16.445589908690113,999.0,24.5051940550336,7.227209740941362,24.5051940550336,17.277984314092237,False,False,False
6.3500000000000005,S1,1000,FULL_DRA,127,18.105093998258617,-1.5293091285315654,0.0,0.0,-0.0,25.021385737975063,-1.6834632611974532,0.25,True,6.918009462662502,16.222333209006234,999.0,24.510654016536574,7.227512519295794,24.510654016536574,17.28314149724078,False,False,False
6.4,S1,1000,FULL_DRA,128,18.105093998258617,-1.5293091285315654,0.0,0.0,-0.0,25.021385737975063,-1.6709632611974532,0.25,True,6.917742212757806,15.999125352444828,999.0,24.51568957125926,7.2277917364120965,24.51568957125926,17.28789783484716,False,False,False
6.45,S1,1000,FULL_DRA,129,18.105093998258617,-1.5293091285315654,0.0,0.0,-0.0,25.021385737975063,-1.6584632611974532,0.25,True,6.917497540213123,15.77596841219135,999.0,24.520300457147897,7.228047384091956,24.520300457147897,17.292253073055942,False,False,False
6.5,S1,1000,FULL_DRA,130,18.105093998258617,-1.5293091285315654,0.0,0.0,-0.0,25.021385737975063,-1.6459632611974533,0.25,True,6.917275447424222,15.55286457993111,999.0,24.524486434217344,7.228279454827614,24.524486434217344,17.29620697938973,False,False,False
6.550000000000001,S1,1000,FULL_DRA,131,18.105093998258617,-1.5293091285315654,0.0,0.0,-0.0,25.021385737975063,-1.6334632611974533,0.25,True,6.917075936566066,15.329816174399879,999.0,24.52824728457187,7.228487941802494,24.52824728457187,17.299759342769374,False,False,False
6.6000000000000005,S1,1000,FULL_DRA,132,18.105093998258617,-1.5293091285315654,0.0,0.0,-0.0,25.021385737975063,-1.6209632611974534,0.25,True,6.916899009592714,15.106825650682163,999.0,24.531582812423952,7.228672838891736,24.531582812423952,17.302909973532216,False,False,False
6.65,S1,1000,FULL_DRA,133,18.105093998258617,-1.5293091285315654,0.0,0.0,-0.0,25.021385737975063,-1.6084632611974534,0.25,True,6.916744668237222,14.883895610334177,999.0,24.53449284411132,7.228834140662711,24.53449284411132,17.305658703448607,False,False,False
6.7,S1,1000,FULL_DRA,134,18.105093998258617,-1.5293091285315654,0.0,0.0,-0.0,25.021385737975063,-1.5959632611974535,0.25,True,6.916612914011552,14.661028812417682,999.0,24.536977228112164,7.228971842375461,24.536977228112164,17.308005385736703,False,False,False
6.75,S1,1000,FULL_DRA,135,18.105093998258617,-1.5293091285315654,0.0,0.0,-0.0,25.021385737975063,-1.5834632611974535,0.25,True,6.916503748206512,14.43822818554125,999.0,24.53903583505803,7.229085939983084,24.53903583505803,17.309949895074947,False,False,False
6.800000000000001,S1,1000,FULL_DRA,136,18.105093998258617,-1.5293091285315654,0.0,0.0,-0.0,25.021385737975063,-1.5709632611974536,0.25,True,6.916417171891679,14.21549684101735,999.0,24.54066855774524,7.229176430132065,24.54066855774524,17.311492127613175,False,False,False
6.8500000000000005,S1,1000,FULL_DRA,137,18.105093998258617,-1.5293091285315654,0.0,0.0,-0.0,25.021385737975063,-1.5584632611974536,0.25,True,6.9163531859153515,13.992838087257018,999.0,24.54187531114411,7.229243310162551,24.54187531114411,17.31263200098156,False,False,False
6.9,S1,1000,FULL_DRA,138,18.105093998258617,-1.5293091285315654,0.0,0.0,-0.0,25.021385737975063,-1.5459632611974536,0.25,True,6.916311790904513,13.770255445539386,999.0,24.542656032406352,7.229286578108564,24.542656032406352,17.31336945429779,False,False,False
6.95,S1,1000,FULL_DRA,139,18.105093998258617,-1.5293091285315654,0.0,0.0,-0.0,25.021385737975063,-1.5334632611974537,0.25,True,6.916292987264792,13.547752667310675,999.0,24.543010680870566,7.229306232698169,24.543010680870566,17.313704448172395,False,False,False
7.0,S1,1000,FULL_DRA,140,18.105093998258617,-1.5293091285315654,0.0,0.0,-0.0,25.021385737975063,-1.5209632611974537,0.25,True,6.9162967751804505,13.325333753187572,999.0,24.542939238065696,7.229302273353571,24.542939238065696,17.313636964712124,False,False,False
7.050000000000001,S1,1000,FULL_DRA,141,18.105093998258617,-1.5293091285315654,0.0,0.0,-0.0,25.021385737975063,-1.5084632611974538,0.25,True,6.916323154614369,13.103002973862761,999.0,24.54244170771271,7.229274700191165,24.54244170771271,17.313167007521546,False,False,False
7.1000000000000005,S1,1000,FULL_DRA,142,18.105093998258617,-1.5293091285315654,0.0,0.0,-0.0,25.021385737975063,-1.4959632611974538,0.25,True,6.916372125308051,12.880764893137085,999.0,24.5415181157242,7.229223514021526,24.5415181157242,17.312294601702675,False,False,False
7.15,S1,1000,FULL_DRA,143,18.105093998258617,-1.5293091285315654,0.0,0.0,-0.0,25.021385737975063,-1.4834632611974539,0.25,True,6.916443686781636,12.658624393333158,999.0,24.54016851020221,7.2291487163493455,24.54016851020221,17.311019793852864,False,False,False
7.2,S1,1000,FULL_DRA,144,18.105093998258617,-1.5293091285315654,0.0,0.0,-0.0,25.021385737975063,-1.470963261197454,0.25,True,6.916537838333924,12.436586703380703,999.0,24.538392961433956,7.229050309373301,24.538392961433956,17.309342652060657,False,False,False
7.25,S1,1000,FULL_DRA,145,18.105093998258617,-1.5293091285315654,0.0,0.0,-0.0,25.021385737975063,-1.458463261197454,0.25,True,6.9166545790424045,12.214657429904538,999.0,24.536191561885893,7.228928295985888,24.536191561885893,17.307263265900005,False,False,False
7.300000000000001,S1,1000,FULL_DRA,146,18.105093998258617,-1.5293091285315654,0.0,0.0,-0.0,25.021385737975063,-1.445963261197454,0.25,True,6.916793907763308,11.992842591693538,999.0,24.533564426195504,7.228782679773173,24.533564426195504,17.304781746422332,False,False,False
7.3500000000000005,S1,1000,FULL_DRA,147,18.105093998258617,-1.5293091285315654,0.0,0.0,-0.0,25.021385737975063,-1.433463261197454,0.25,True,6.916955823131659,11.77114865798385,999.0,24.530511691161486,7.228613465014505,24.530511691161486,17.30189822614698,False,False,False
7.4,S1,1000,FULL_DRA,148,18.105093998258617,-1.5293091285315654,0.0,0.0,-0.0,25.021385737975063,-1.420963261197454,0.25,True,6.917140323561343,11.549582591053731,999.0,24.527033515731752,7.22842065668217,24.527033515731752,17.298612859049584,False,False,False
7.45,S1,1000,FULL_DRA,149,18.105093998258617,-1.5293091285315654,0.0,0.0,-0.0,25.021385737975063,-1.4084632611974541,0.25,True,6.917347407245184,11.328151893702163,999.0,24.523130080989837,7.22820426044098,24.523130080989837,17.29492582054886,False,False,False
7.5,S1,1000,FULL_DRA,150,18.105093998258617,-1.5293091285315654,0.0,0.0,-0.0,25.021385737975063,-1.3959632611974542,0.25,True,6.9175770721550345,11.106864662271,999.0,24.518801590138935,7.22796428264781,24.518801590138935,17.290837307491124,False,False,False
7.550000000000001,S1,1000,FULL_DRA,151,18.105093998258617,-1.5293091285315654,0.0,0.0,-0.0,25.021385737975063,-1.3834632611974542,0.25,True,6.917829316041874,10.885729645973244,999.0,24.514048268484455,7.227700730351085,24.514048268484455,17.28634753813337,False,False,False
7.6000000000000005,S1,1000,FULL_DRA,152,18.105093998258617,-1.5293091285315654,0.0,0.0,-0.0,25.021385737975063,-1.3709632611974543,0.25,True,6.9181041364359155,10.66475631341088,999.0,24.508870363414434,7.2274136112902045,24.508870363414434,17.281456752124228,False,False,False
7.65,S1,1000,FULL_DRA,153,18.105093998258617,-1.5293091285315654,0.0,0.0,-0.0,25.021385737975063,-1.3584632611974543,0.25,True,6.918401530646735,10.443954927308603,999.0,24.503268144378,7.227102933894902,24.503268144378,17.2761652104831,False,False,False
7.7,S1,1000,FULL_DRA,154,18.105093998258617,-1.5293091285315654,0.0,0.0,-0.0,25.021385737975063,-1.3459632611974544,0.25,True,6.918721495763393,10.223336628658478,999.0,24.497241902862118,7.226768707284573,24.497241902862118,17.270473195577544,False,False,False
7.75,S1,1000,FULL_DRA,155,18.105093998258617,-1.5293091285315654,0.0,0.0,-0.0,25.021385737975063,-1.3334632611974544,0.25,True,6.919064028654583,10.002913531670988,999.0,24.490791952366205,7.2264109412675195,24.490791952366205,17.264381011098685,False,False,False
7.800000000000001,S1,1000,FULL_DRA,156,18.105093998258617,-1.5293091285315654,0.0,0.0,-0.0,25.021385737975063,-1.3209632611974544,0.25,True,6.919429125968785,9.782698831166327,999.0,24.483918628375047,7.226029646340157,24.483918628375047,17.257888982034892,False,False,False
7.8500000000000005,S1,1000,FULL_DRA,157,18.105093998258617,-1.5293091285315654,0.0,0.0,-0.0,25.021385737975063,-1.3084632611974545,0.25,True,6.919816784134425,9.562706924324276,999.0,24.47662228832963,7.22562483368616,24.47662228832963,17.250997454643468,False,False,False
7.9,S1,1000,FULL_DRA,158,18.105093998258617,-1.5293091285315654,0.0,0.0,-0.0,25.021385737975063,-1.2959632611974545,0.25,True,6.920226999360053,9.3429535490516,999.0,24.468903311596243,7.225196515175549,24.468903311596243,17.243706796420696,False,False,False
7.95,S1,1000,FULL_DRA,159,18.105093998258617,-1.5293091285315654,0.0,0.0,-0.0,25.021385737975063,-1.2834632611974546,0.25,True,6.920659767634528,9.123455941634855,999.0,24.46076209943351,7.2247447033637275,24.46076209943351,17.236017396069784,False,False,False
8.0,S1,1000,FULL_DRA,160,18.105093998258617,-1.5293091285315654,0.0,0.0,-0.0,25.021385737975063,-1.2709632611974546,0.25,True,6.921115084727211,8.904233016839171,999.0,24.452199074957697,7.224269411490461,24.452199074957697,17.227929663467236,False,False,False
8.05,S1,1000,FULL_DRA,161,18.105093998258617,-1.5293091285315654,0.0,0.0,-0.0,25.021385737975063,-1.2584632611974547,0.25,True,6.921592946188175,8.685305574208963,999.0,24.443214683106053,7.223770653478799,24.443214683106053,17.219444029627255,False,False,False
8.1,S1,1000,FULL_DRA,162,18.105093998258617,-1.5293091285315654,0.0,0.0,-0.0,25.021385737975063,-1.2459632611974547,0.25,True,6.92209334734842,8.466696535048468,999.0,24.43380939059826,7.223248443933947,24.43380939059826,17.210560946664312,False,False,False
8.15,S1,1000,FULL_DRA,163,18.105093998258617,-1.5293091285315654,0.0,0.0,-0.0,25.021385737975063,-1.2334632611974548,0.25,True,6.922616283320101,8.248431215438375,999.0,24.423983685895973,7.222702798142077,24.423983685895973,17.201280887753896,False,False,False
8.200000000000001,S1,1000,FULL_DRA,164,18.105093998258617,-1.5293091285315654,0.0,0.0,-0.0,25.021385737975063,-1.2209632611974548,0.25,True,6.923161748996766,8.030537641717064,999.0,24.4137380791607,7.222133732069092,24.4137380791607,17.19160434709161,False,False,False
8.25,S1,1000,FULL_DRA,165,18.105093998258617,-1.5293091285315654,0.0,0.0,-0.0,25.021385737975063,-1.2084632611974548,0.25,True,6.923729739053606,7.813046916168565,999.0,24.403073102209493,7.221541262359328,24.403073102209493,17.181531839850166,False,False,False
8.3,S1,1000,FULL_DRA,166,18.105093998258617,-1.5293091285315654,0.0,0.0,-0.0,25.021385737975063,-1.1959632611974549,0.25,True,6.924320247947712,7.595993642274037,999.0,24.391989308468972,7.220925406334206,24.391989308468972,17.171063902134765,False,False,False
8.35,S1,1000,FULL_DRA,167,18.105093998258617,-1.5293091285315654,0.0,0.0,-0.0,25.021385737975063,-1.183463261197455,0.25,True,6.9249332699183475,7.379416420875302,999.0,24.380487272927557,7.2202861819908275,24.380487272927557,17.16020109093673,False,False,False
8.4,S1,1000,FULL_DRA,168,18.105093998258617,-1.5293091285315654,0.0,0.0,-0.0,25.021385737975063,-1.170963261197455,0.25,True,6.925568798987227,7.163358431064337,999.0,24.368567592085636,7.219623608000521,24.368567592085636,17.148943984085115,False,False,False
8.450000000000001,S1,1000,FULL_DRA,169,18.105093998258617,-1.5293091285315654,0.0,0.0,-0.0,25.021385737975063,-1.158463261197455,0.25,True,6.926226828958804,6.947868112674346,999.0,24.3562308839041,7.218937703707335,24.3562308839041,17.137293180196764,False,False,False
8.5,S1,1000,FULL_DRA,170,18.105093998258617,-1.5293091285315654,0.0,0.0,-0.0,25.021385737975063,-1.145963261197455,0.25,True,6.926907353420578,6.732999971062933,999.0,24.343477787750864,7.218228489126462,24.343477787750864,17.125249298624404,False,False,False
8.55,S1,1000,FULL_DRA,171,18.105093998258617,-1.5293091285315654,0.0,0.0,-0.0,25.021385737975063,-1.133463261197455,0.25,True,6.927610365743402,6.518815529645698,999.0,24.33030896434569,7.217495984942637,24.33030896434569,17.112812979403053,False,False,False
8.6,S1,1000,FULL_DRA,172,18.105093998258617,-1.5293091285315654,0.0,0.0,-0.0,25.021385737975063,-1.1209632611974552,0.25,True,6.928335859081803,6.305384461614247,999.0,24.3167250957032,7.216740212508461,24.3167250957032,17.09998488319474,False,False,False
8.65,S1,1000,FULL_DRA,173,18.105093998258617,-1.5293091285315654,0.0,0.0,-0.0,25.021385737975063,-1.1084632611974552,0.25,True,6.929083826374316,6.092785939780164,999.0,24.302726885073827,7.215961193842678,24.302726885073827,17.08676569123115,False,False,False
8.700000000000001,S1,1000,FULL_DRA,174,18.105093998258617,-1.5293091285315654,0.0,0.0,-0.0,25.021385737975063,-1.0959632611974552,0.25,True,6.929854260343827,5.8811102529368835,999.0,24.288315056883306,7.215158951628404,24.288315056883306,17.073156105254903,False,False,False
8.75,S1,1000,FULL_DRA,175,18.105093998258617,-1.5293091285315654,0.0,0.0,-0.0,25.021385737975063,-1.0834632611974553,0.25,True,6.9306471534979215,5.670460749041105,999.0,24.273490356670166,7.214333509211305,24.273490356670166,17.059156847458862,False,False,False
8.8,S1,1000,FULL_DRA,176,18.105093998258617,-1.5293091285315654,0.0,0.0,-0.0,25.021385737975063,-1.0709632611974553,0.25,True,6.9314624981292505,5.460956180526656,999.0,24.258253551021355,7.213484890597709,24.258253551021355,17.044768660423646,False,False,False
8.85,S1,1000,FULL_DRA,177,18.105093998258617,-1.5293091285315654,0.0,0.0,-0.0,25.021385737975063,-1.0584632611974554,0.25,True,6.932300286315903,5.252733545959548,999.0,24.242605427506263,7.212613120452687,24.242605427506263,17.029992307053575,False,False,False
8.9,S1,1000,FULL_DRA,178,18.105093998258617,-1.5293091285315654,0.0,0.0,-0.0,25.021385737975063,-1.0459632611974554,0.25,True,6.933160509921785,5.045951545949014,999.0,24.22654679460888,7.211718224098069,24.22654679460888,17.014828570510808,False,False,False
8.950000000000001,S1,1000,FULL_DRA,179,18.105093998258617,-1.5293091285315654,0.0,0.0,-0.0,25.021385737975063,-1.0334632611974555,0.25,True,6.934043160597016,4.84079480078238,999.0,24.210078481658126,7.210800227510416,24.210078481658126,16.99927825414771,False,False,False
9.0,S1,1000,FULL_DRA,180,18.105093998258617,-1.5293091285315654,0.0,0.0,-0.0,25.021385737975063,-1.0209632611974555,0.25,True,6.934948229778331,4.637479013698951,999.0,24.193201338756488,7.209859157318929,24.193201338756488,16.983342181437557,False,False,False
9.05,S1,1000,FULL_DRA,181,18.105093998258617,-1.5293091285315654,0.0,0.0,-0.0,25.021385737975063,-1.0084632611974556,0.25,True,6.935875708689492,4.436257307879546,999.0,24.17591623670691,7.208895040803335,24.17591623670691,16.967021195903577,False,False,False
9.1,S1,1000,FULL_DRA,182,18.105093998258617,-1.5293091285315654,0.0,0.0,-0.0,25.021385737975063,-0.9959632611974556,0.25,True,6.93682558834171,4.237428017197598,999.0,24.15822406693791,7.207907905891692,24.15822406693791,16.950316161046217,False,False,False
9.15,S1,1000,FULL_DRA,183,18.105093998258617,-1.5293091285315654,0.0,0.0,-0.0,25.021385737975063,-0.9834632611974556,0.25,True,6.93779785953408,4.041344268946616,999.0,24.140125741426907,7.206897781158161,24.140125741426907,16.933227960268745,False,False,False
9.200000000000001,S1,1000,FULL_DRA,184,18.105093998258617,-1.5293091285315654,0.0,0.0,-0.0,25.021385737975063,-0.9709632611974557,0.25,True,6.938792512854021,3.848425755989602,999.0,24.12162219262195,7.20586469582073,24.12162219262195,16.91575749680122,False,False,False
9.25,S1,1000,FULL_DRA,185,18.105093998258617,-1.5293091285315654,0.0,0.0,-0.0,25.021385737975063,-0.9584632611974557,0.25,True,6.939809538677728,3.659173144110651,999.0,24.102714373361607,7.2048086797388855,24.102714373361607,16.89790569362272,False,False,False
9.3,S1,1000,FULL_DRA,186,18.105093998258617,-1.5293091285315654,0.0,0.0,-0.0,25.021385737975063,-0.9459632611974558,0.25,True,6.940848927170633,3.4741855733102565,999.0,24.083403256793204,7.203729763411231,24.083403256793204,16.879673493381972,False,False,False
9.35,S1,1000,FULL_DRA,187,18.105093998258617,-1.5293091285315654,0.0,0.0,-0.0,25.021385737975063,-0.9334632611974558,0.25,True,6.941910668287879,3.2941816429901984,999.0,24.063689836289374,7.202627977973068,24.063689836289374,16.861061858316305,False,False,False
9.4,S1,1000,FULL_DRA,188,18.105093998258617,-1.5293091285315654,0.0,0.0,-0.0,25.021385737975063,-0.9209632611974559,0.25,True,6.942994751774801,3.1200240377647885,999.0,24.043575125362832,7.2015033551939185,24.043575125362832,16.842071770168914,False,False,False
9.450000000000001,S1,1000,FULL_DRA,189,18.105093998258617,-1.5293091285315654,0.0,0.0,-0.0,25.021385737975063,-0.9084632611974559,0.25,True,6.9441011671674095,2.9527474147726536,999.0,24.023060157579664,7.200355927475011,24.023060157579664,16.822704230104655,False,False,False
9.5,S1,1000,FULL_DRA,190,18.105093998258617,-1.5293091285315654,0.0,0.0,-0.0,25.021385737975063,-0.895963261197456,0.25,True,6.9452299037928995,2.793588121871777,999.0,24.002145986470648,7.199185727846707,24.002145986470648,16.80296025862394,False,False,False
9.55,S1,1000,FULL_DRA,191,18.105093998258617,-1.5293091285315654,0.0,0.0,-0.0,25.021385737975063,-0.883463261197456,0.25,True,6.946380950770155,2.644012460991736,999.0,23.98083368544124,7.197992789965894,23.98083368544124,16.782840895475346,False,False,False
9.600000000000001,S1,1000,FULL_DRA,192,18.105093998258617,-1.5293091285315654,0.0,0.0,-0.0,25.021385737975063,-0.870963261197456,0.25,True,6.947554297010268,2.5057372553993114,999.0,23.959124347679655,7.19677714811332,23.959124347679655,16.762347199566335,False,False,False
9.65,S1,1000,FULL_DRA,193,18.105093998258617,-1.5293091285315654,0.0,0.0,-0.0,25.021385737975063,-0.8584632611974561,0.25,True,6.948749931217066,2.3807323436943877,999.0,23.93701908606355,7.195538837190901,23.93701908606355,16.741480248872648,False,False,False
9.700000000000001,S1,1000,FULL_DRA,194,18.105093998258617,-1.5293091285315654,0.0,0.0,-0.0,25.021385737975063,-0.8459632611974561,0.25,True,6.949967841887655,2.271189950560954,999.0,23.91451903306476,7.194277892718953,23.91451903306476,16.720241140345806,False,False,False
9.75,S1,1000,FULL_DRA,195,18.105093998258617,-1.5293091285315654,0.0,0.0,-0.0,25.021385737975063,-0.8334632611974562,0.25,True,6.951208017312955,2.179442839522425,999.0,23.891625340652823,7.192994350833411,23.891625340652823,16.698630989819414,False,False,False
9.8,S1,1000,FULL_DRA,196,18.105093998258617,-1.5293091285315654,0.0,0.0,-0.0,25.021385737975063,-0.8209632611974562,0.25,True,6.952470445578266,2.107816023746397,999.0,23.868339180196585,7.191688248282987,23.868339180196585,16.6766509319136,False,False,False
9.850000000000001,S1,1000,FULL_DRA,197,18.105093998258617,-1.5293091285315654,0.0,0.0,-0.0,25.021385737975063,-0.8084632611974563,0.25,True,6.953755114563829,2.058410962169259,999.0,23.84466174236422,7.190359622426282,23.84466174236422,16.654302119937938,False,False,False
9.9,S1,1000,FULL_DRA,198,18.105093998258617,-1.5293091285315654,0.0,0.0,-0.0,25.021385737975063,-0.7959632611974563,0.25,True,6.9550620119453965,2.032848491254348,999.0,23.82059423702208,7.189008511228864,23.82059423702208,16.631585725793215,False,False,False
9.950000000000001,S1,1000,FULL_DRA,199,18.105093998258617,-1.5293091285315654,0.0,0.0,-0.0,25.021385737975063,-0.7834632611974564,0.25,True,6.956391125194824,2.0320286138761885,999.0,23.796137893131267,7.18763495326029,23.796137893131267,16.608502939870977,False,False,False
0.0,S1,1001,BASELINE_TTC,0,1.2711040209966011,-1.5001323373094522,2.9344916401043726,58.68983280208745,-0.0,25.11259492856995,-3.3937198128718675,0.0,False,23.916570870915205,61.53640995348056,8.124572781786958,5.534743690236997e-12,2.0906007081811504,2.0906007081811504,2.0906007081756157,False,False,False
0.05,S1,1001,BASELINE_TTC,1,1.422980491337631,-1.5003474026674724,3.1142772676483115,3.595712550878778,-0.0,25.11259492856995,-3.3937198128718675,0.0,False,23.76515708486795,61.159740873745925,7.606777560663728,8.265895623743904e-12,2.1039204504916413,2.1039204504916413,2.1039204504833755,False,False,False
0.1,S1,1001,BASELINE_TTC,2,1.5856943566038204,-1.5005769410213077,3.358143241504224,4.877319477118247,-0.0,25.11259492856995,-3.3937198128718675,0.0,False,23.602945588557773,60.77224331994702,7.005925262862715,1.2667093633381789e-11,2.118379666317537,2.118379666317537,2.11837966630487,False,False,False
0.15000000000000002,S1,1001,BASELINE_TTC,3,1.7624754679339993,-1.500887209151756,3.657381008116893,5.984755332253382,-0.0,25.11259492856995,-3.3937198128718675,0.0,False,23.42671325840814,60.37069169954419,6.384382542812631,2.0074696756868068e-11,2.1343156186049437,2.1343156186049437,2.134315618584869,False,False,False
0.2,S1,1001,BASELINE_TTC,4,1.9549707436795423,-1.5012161035005533,3.977743189099816,6.407243619658463,-0.0,25.11259492856995,-3.3937198128718675,0.0,False,23.23482576174406,59.95343836654582,5.821799720089798,3.301267550150474e-11,2.151942111066939,2.151942111066939,2.151942111033926,False,False,False
0.25,S1,1001,BASELINE_TTC,5,2.163745257694769,-1.5015768682970076,4.306348386068803,6.572103939379748,-0.0,25.11259492856995,-3.3937198128718675,0.0,False,23.02672156732548,59.519919465890844,5.329074104899539,5.635873617791391e-11,2.171390306423348,2.171390306423348,2.1713903063669893,False,False,False
0.30000000000000004,S1,1001,BASELINE_TTC,6,2.3890813292940773,-1.5019673068530892,4.639411235861662,6.6612569958571655,-0.0,25.11259492856995,-3.3937198128718675,0.0,False,22.802122660851204,59.06985327890963,4.897930457991728,9.984076956819933e-11,2.1927783103212857,2.1927783103212857,2.192778310221445,False,False,False
0.35000000000000003,S1,1001,BASELINE_TTC,7,2.6311392211047,-1.502387280386813,4.974796068020999,6.707696643186747,-0.0,25.11259492856995,-3.3937198128718675,0.0,False,22.56087297679676,58.603080190023064,4.519070812164667,1.8338100192041772e-10,2.2162262981323297,2.2162262981323297,2.216226297948949,False,False,False
0.4,S1,1001,BASELINE_TTC,8,2.8900104697605844,-1.502835007122627,5.3114983534210145,6.734045708000309,-0.0,25.11259492856995,-3.3937198128718675,0.0,False,22.30288558410164,58.11950926146725,4.1838635692123125,3.488289716254292e-10,2.2418623729855804,2.2418623729855804,2.2418623726367515,False,False,False
0.45,S1,1001,BASELINE_TTC,9,3.1637260436708665,-1.5033085147577765,5.511345946020525,3.996951851990218,-0.0,25.11259492856995,-3.3937198128718675,0.0,False,22.03012710363988,57.621108920071045,3.982487962082528,6.829153584981304e-10,2.269619224835923,2.269619224835923,2.2696192241530073,False,False,False
0.5,S1,1001,BASELINE_TTC,10,3.443188532066472,-1.5037914149274343,5.652630903133138,2.825699142252258,-0.0,25.11259492856995,-3.3812198128718673,0.25,False,21.750584152298856,57.11697103747049,3.8335081076127877,1.3478857734238475e-09,2.2987888348146,2.2987888348146,2.2987888334667144,False,False,False
0.55,S1,1001,BASELINE_TTC,11,3.7311302384142895,-1.504289740588888,5.835752882894724,3.66243959523171,-0.0,25.11259492856995,-3.368719812871867,0.25,False,21.462598439862923,56.604365586653074,3.663874245399808,2.691002745348462e-09,2.3296340440835897,2.3296340440835897,2.329634041392587,False,False,False
0.6000000000000001,S1,1001,BASELINE_TTC,12,4.031183966549616,-1.5048078141923895,6.1194916043371785,5.674774428849094,-0.0,25.11259492856995,-3.356219812871867,0.25,False,21.162552174500256,56.07966271263653,3.4449611708068892,5.4763708514206865e-09,2.3626639919285033,2.3626639919285033,2.3626639864521324,False,False,False
0.65,S1,1001,BASELINE_TTC,13,4.345303611546653,-1.5053527513723282,6.39689221832777,5.548012279811836,-0.0,25.11259492856995,-3.343719812871867,0.25,False,20.848500715852875,55.5409106950167,3.246465722452353,1.1397821129669901e-08,2.398253988689977,2.398253988689977,2.398253977292156,False,False,False
0.7000000000000001,S1,1001,BASELINE_TTC,14,4.675679331287151,-1.505918683007934,6.750655792849358,7.075271490431749,-0.0,25.11259492856995,-3.3312198128718666,0.25,False,20.518266090124268,54.98592139553425,3.0273970743598912,2.4345624439906016e-08,2.4368530839974683,2.4368530839974683,2.4368530596518436,False,False,False
0.75,S1,1001,BASELINE_TTC,15,5.023005448159662,-1.5064989696114708,7.078457226769857,6.556028678409991,-0.0,25.11259492856995,-3.3187198128718665,0.25,False,20.171161341780973,54.41400164117617,2.838131083766944,5.3356225626876e-08,2.4787863798617233,2.4787863798617233,2.4787863265054977,False,False,False
0.8,S1,1001,BASELINE_TTC,16,5.3884055649826195,-1.5071641435145864,7.456115401178698,7.553163488176811,-0.0,25.11259492856995,-3.3062198128718663,0.25,False,19.80606592314835,53.82403226084098,2.6453707195129033,1.2004322860818328e-07,2.524479126445928,2.524479126445928,2.524479006402699,False,False,False
0.8500000000000001,S1,1001,BASELINE_TTC,17,5.769206453999281,-1.5078280119288365,7.7093815918557045,5.065323813540132,-0.0,25.11259492856995,-3.293719812871866,0.25,False,19.425655386700058,53.21868257959638,2.5090713495107426,2.750552329543007e-07,2.573915731781844,2.573915731781844,2.573915456726611,False,False,False
0.9,S1,1001,BASELINE_TTC,18,6.160859392180832,-1.5084816656337523,7.901237800868698,3.8371241802598632,-0.0,25.11259492856995,-3.281219812871866,0.25,False,19.034465592180606,52.602498766121066,2.398578047392205,6.344869681048568e-07,2.6268139632215415,2.6268139632215415,2.626813328734573,False,False,False
0.9500000000000001,S1,1001,BASELINE_TTC,19,6.558053831453231,-1.5091707678748776,7.9639180367629,1.2536047178840448,-0.0,25.11259492856995,-3.2687198128718657,0.25,False,18.637784422144794,51.98079009548326,2.3298257228999053,1.4553939094031357e-06,2.6827223058010943,2.6827223058010943,2.682720850407185,False,False,False
1.0,S1,1001,BASELINE_TTC,20,6.957202059934163,-1.5098626955220595,7.990446043761362,0.5305601399692428,-0.0,25.11259492856995,-3.2562198128718656,0.25,False,18.239190042209373,51.35714101731398,2.2721375964750843,3.2932838262292836e-06,2.7413498014050703,2.7413498014050703,2.7413465081212443,False,False,False
1.05,S1,1001,BASELINE_TTC,21,7.355029969694311,-1.510553337609025,7.931602154337073,-1.1768777884857862,-0.0,25.11259492856995,-3.2437198128718654,0.25,False,17.841944381139154,50.73482345585682,2.238837073940432,7.302137289516728e-06,2.8023851510744175,2.8023851510744175,2.802377848937128,False,False,False
1.1,S1,1001,BASELINE_TTC,22,7.749965325123188,-1.511238562212725,7.8766071120826044,-1.0999008450893655,-0.0,25.11259492856995,-3.231219812871865,0.25,False,17.44761422799991,50.11540859101363,2.204328507995877,1.581982005102228e-05,2.8657213156260677,2.8657213156260677,2.865705495806017,False,False,False
1.1500000000000001,S1,1001,BASELINE_TTC,23,8.14044356473431,-1.5119159559726256,7.765709115896396,-2.217959923724173,-0.0,25.11259492856995,-3.218719812871865,0.25,False,17.057757804672754,49.500459882582156,2.1855249933446093,3.340163163263042e-05,2.9312176062379747,2.9312176062379747,2.931184204606342,False,False,False
1.2000000000000002,S1,1001,BASELINE_TTC,24,8.52632731888107,-1.512585569745852,7.688083506445365,-1.5525121890206073,-0.0,25.11259492856995,-3.206219812871865,0.25,False,16.672512413241847,48.89011478185177,2.157399512607226,6.875280886351375e-05,2.9989481345527977,2.9989481345527977,2.9988793817439343,False,False,False
1.25,S1,1001,BASELINE_TTC,25,8.907303677618739,-1.5132470161987044,7.577044272458628,-2.2207846797347486,-0.0,25.11259492856995,-3.1937198128718647,0.25,False,16.292189949436338,48.2846861023423,2.1387351938611356,0.00013796908489083996,3.068955134649032,3.068955134649032,3.0688171655641407,False,False,False
1.3,S1,1001,BASELINE_TTC,26,9.28428846603802,-1.5139010685651044,7.518027022980923,-1.1803449895541007,-0.0,25.11259492856995,-3.1812198128718645,0.25,False,15.915880034322536,47.68325904314996,2.1053803629793224,0.0002705278296893711,3.1415165163456362,3.1415165163456362,3.141245988515947,False,False,False
1.35,S1,1001,BASELINE_TTC,27,9.657693840130145,-1.5145494810418256,7.4383564830044335,-1.5934107995297886,-0.0,25.11259492856995,-3.1687198128718643,0.25,False,15.543173650839929,47.085422143700605,2.077730628231117,0.0005189270506498,3.2168462582477857,3.2168462582477857,3.216327331197136,False,False,False
1.4000000000000001,S1,1001,BASELINE_TTC,28,10.028893566938295,-1.5151946052098424,7.417390274491045,-0.41932417026776747,-0.0,25.11259492856995,-3.156219812871864,0.25,False,15.172706103364385,46.489803313072414,2.0335590825664953,0.0009764691224345215,3.2953910567682474,3.2953910567682474,3.294414587645813,False,False,False
1.4500000000000002,S1,1001,BASELINE_TTC,29,10.398551578189178,-1.5158353213243174,7.379480904326166,-0.7581874032975833,-0.0,25.11259492856995,-3.143719812871864,0.25,False,14.80381976500341,45.89573961078166,1.9939130598948736,0.0018049219369971976,3.377506670150174,3.377506670150174,3.3757017482131766,False,False,False
1.5,S1,1001,BASELINE_TTC,30,10.76801880675961,-1.5164764523512702,7.39782550319148,0.366891977306274,-0.0,25.11259492856995,-3.131219812871864,0.25,False,14.435174409571806,45.30188212434664,1.939026017256284,0.0032849145605908544,3.4637614053935883,3.4637614053935883,3.4604764908329977,False,False,False
1.55,S1,1001,BASELINE_TTC,31,11.137783679366734,-1.51711787043115,7.394791284818141,-0.060684367466770084,-0.0,25.11259492856995,-3.1187198128718636,0.25,False,14.066288715680715,44.70774352586193,1.889818212705228,0.0058910817688853185,3.5545978765714774,3.5545978765714774,3.548706794802592,False,False,False
1.6,S1,1001,BASELINE_TTC,32,11.508846013002573,-1.5177620920722177,7.439409233394156,0.8923589715202951,-0.0,25.11259492856995,-3.1062198128718634,0.25,False,13.696174009137318,44.11232584058529,1.8286060745929424,0.010425861543399376,3.6506545526249017,3.6506545526249017,3.6402286910815023,False,False,False
1.6500000000000001,S1,1001,BASELINE_TTC,33,11.881243943030084,-1.5184081762463109,7.45324042856094,0.27662390333567544,-0.0,25.11259492856995,-3.0937198128718633,0.25,False,13.324798522117874,43.51559174257306,1.775248110182668,0.018206621407530856,3.7524019531706125,3.7524019531706125,3.7341953317630816,False,False,False
1.7000000000000002,S1,1001,BASELINE_TTC,34,12.255465943217816,-1.519057901862027,7.504338472021242,1.0219608692060511,-0.0,25.11259492856995,-3.081219812871863,0.25,False,12.951683889834245,42.917054244864886,1.7132927883367655,0.03138907147105994,3.8605018795467143,3.8605018795467143,3.8291128080756542,False,False,False
1.75,S1,1001,BASELINE_TTC,35,12.631069337521323,-1.519709790853085,7.516037935344995,0.23398926647505647,-0.0,25.11259492856995,-3.068719812871863,0.25,False,12.577277651714477,42.31715641425701,1.6606522876039358,0.05338186264601301,3.9754230911157653,3.9754230911157653,3.922041228469752,False,False,False
1.8,S1,1001,BASELINE_TTC,36,13.008153371987108,-1.5203652100825593,7.558002312535455,0.8392875438092062,-0.0,25.11259492856995,-3.0562198128718627,0.25,False,12.20148985811318,41.71580016617752,1.6015398058964354,0.08954845145320366,4.097860227024106,4.097860227024106,4.008311775570903,False,False,False
1.85,S1,1001,BASELINE_TTC,37,13.386046393713057,-1.521021653964624,7.5565422019151836,-0.029202212405436967,-0.0,25.11259492856995,-3.0437198128718626,0.25,False,11.824996838202278,41.1136572723113,1.5518405404901774,0.1480166151752264,4.228330940306734,4.228330940306734,4.080314325131508,False,False,False
1.9000000000000001,S1,1001,BASELINE_TTC,38,13.76471024381051,-1.521679110143367,7.583610240105771,0.541360763811749,-0.0,25.11259492856995,-3.0312198128718624,0.25,False,11.447846957039209,40.510766884609794,1.4963697138265861,0.2410381218208526,4.367633511142924,4.367633511142924,4.1265953893220715,False,False,False
1.9500000000000002,S1,1001,BASELINE_TTC,39,14.143435157540102,-1.5223369674451988,7.567641122669455,-0.3193823487263181,-0.0,25.11259492856995,-3.018719812871862,0.25,False,11.070755516335225,39.907838927347356,1.4494820239520716,0.38633664112972427,4.516403593794799,4.516403593794799,4.130066952665074,False,False,False
2.0,S1,1001,BASELINE_TTC,40,14.522274524409971,-1.522993908430692,7.582277973681283,0.2927370202365509,-0.0,25.11259492856995,-3.006219812871862,0.25,False,10.6936824969873,39.30482109888782,1.396720146757988,0.6095015364642211,4.675657802079532,4.675657802079532,4.0661562656153105,False,False,False
2.0500000000000003,S1,1001,BASELINE_TTC,41,14.900129375484408,-1.523649863264808,7.531049227967052,-1.0245749142846172,-0.0,25.11259492856995,-2.993719812871862,0.25,True,10.31773028963718,38.70281201748627,1.3560481738933368,0.9452890450301,4.84602704242216,4.84602704242216,3.9007379973920604,False,False,False
2.1,S1,1001,BASELINE_TTC,42,15.274610872583024,-1.5243003402695763,7.458571889810305,-1.4495467631349435,-0.0,25.11259492856995,-2.9812198128718617,0.25,True,9.945277504197694,38.10419799202527,1.3190171257083827,1.4376559978813432,5.0275117993335074,5.0275117993335074,3.589855801452164,False,False,False
2.15,S1,1001,BASELINE_TTC,43,15.643250046211813,-1.5249409171580197,7.3129203224212365,-2.913031347781363,-0.0,25.11259492856995,-2.9687198128718615,0.25,True,9.578778105831189,37.511444957753724,1.2948787166906983,2.1394415159272993,5.219872456337822,5.219872456337822,3.080430940410523,False,False,False
2.2,S1,1001,BASELINE_TTC,44,16.00525696502924,-1.5255696220714299,7.190962930608253,-2.439147836259661,-0.0,25.11259492856995,-2.9562198128718613,0.25,True,9.219021897717088,36.925342026291766,1.2664976932053744,3.1150531786619466,5.423568850875767,5.423568850875767,2.30851567221382,False,False,False
2.25,S1,1001,BASELINE_TTC,45,16.359299834417072,-1.526184021681928,7.0070385117271545,-3.678488377621978,-0.0,25.11259492856995,-2.943719812871861,0.25,True,8.86733233417048,36.34721915357425,1.2492146403224622,4.43542306309141,5.6386744192865965,5.6386744192865965,1.203251356195186,False,False,False
2.3000000000000003,S1,1001,BASELINE_TTC,46,16.70532525310432,-1.526784956736904,6.863389879823883,-2.872972638065434,-0.0,25.11259492856995,-2.931219812871861,0.25,True,8.523767984942504,35.77712986371136,1.2249442072612324,6.181527072008682,5.86595037409823,6.181527072008682,0.3155766979104513,False,False,False
2.35,S1,1001,BASELINE_TTC,47,17.042451717826943,-1.5273708070770908,6.662240410131727,-4.022989393843108,-0.0,25.11259492856995,-2.9187198128718608,0.25,True,8.189204082072175,35.215954248077864,1.2113257273739606,8.433462343563853,6.105599457395392,8.433462343563853,2.327862886168462,False,False,False
2.4000000000000004,S1,1001,BASELINE_TTC,48,17.37102261153148,-1.5279397771375471,6.511406697125906,-3.016674260116421,-0.0,25.11259492856995,-2.9062198128718606,0.25,True,7.863307052178503,34.66334938867467,1.1889247096876243,11.2778924377986,6.358647788801235,11.2778924377986,4.919244648997365,False,False,False
2.45,S1,1001,BASELINE_TTC,49,17.69036638718148,-1.5284936515607797,6.304240320719162,-4.143327528134879,-0.0,25.11259492856995,-2.8937198128718604,0.25,True,7.546742276779419,34.119985761044134,1.1773390866771039,14.788648261989932,6.625375316425614,14.788648261989932,8.16327294556432,False,False,False
2.5,S1,1001,BASELINE_TTC,50,18.001032535126228,-1.5290327036103264,6.153751498482827,-3.009776444726704,-0.0,25.11259492856995,-2.8812198128718602,0.25,True,7.238972969579047,33.5853147714627,1.1556466645097774,19.0424442559554,6.907057148868944,19.0424442559554,12.135387107086455,False,False,False
2.5500000000000003,S1,1001,BASELINE_TTC,51,18.302490632697918,-1.5295561895085683,5.946354261884543,-4.147944731965687,-0.0,25.11259492856995,-2.86871981287186,0.25,True,6.9405244564653925,33.05986574037403,1.1452570761759067,24.089430345989836,7.204066539009582,24.089430345989836,16.885363806980255,False,False,False
2.6,S1,1001,BASELINE_TTC,52,18.59539320630293,-1.5300647018952276,5.800100259014284,-2.9250800574051716,-0.0,25.11259492856995,-2.85621981287186,0.25,True,6.65075978118964,32.54298726556996,1.123636046142176,29.981069714598473,7.517938046930386,29.981069714598473,22.463131667668087,False,False,False
2.6500000000000004,S1,1001,BASELINE_TTC,53,18.879263269833004,-1.530558086321406,5.595494444939592,-4.0921162814938405,-0.0,25.11259492856995,-2.8437198128718597,0.25,True,6.370150491777197,32.03515527060185,1.1139912156242415,36.728551266459206,7.8491081277501475,36.728551266459206,28.879443138709057,False,False,False
2.7,S1,1001,BASELINE_TTC,54,19.15481058802751,-1.5310369539606938,5.4555645561917965,-2.7985977749559154,-0.0,25.11259492856995,-2.8312198128718595,0.25,True,6.098005388241237,31.53566128581696,1.0920564277404896,44.347778386948505,8.199402397448653,44.347778386948505,36.148375989499854,False,False,False
2.75,S1,1001,BASELINE_TTC,55,19.4215886713057,-1.531499920849626,5.255878076034502,-3.9937296031458835,-0.0,25.11259492856995,-2.8187198128718594,0.25,True,5.83476539979446,31.044950642224936,1.0827888651401232,52.80325045996297,8.56932482696928,52.80325045996297,44.23392563299369,False,False,False
2.8000000000000003,S1,1001,BASELINE_TTC,56,19.643898691277684,-1.5318872821369354,3.91227493296707,-26.87206286134865,-0.0,25.11259492856995,-2.806219812871859,0.25,True,5.615208093620741,30.598639071873286,1.3978302473606596,60.7177009497632,8.904389501931977,60.7177009497632,51.813311447831225,False,False,False
2.85,S1,1001,BASELINE_TTC,57,19.798737582939914,-1.5321556470993727,2.566854401756033,-26.908410624220735,-0.0,25.11259492856995,-2.793719812871859,0.25,True,5.461558754977148,30.219667137750754,2.070182610277672,66.7388588551861,9.154895560618979,66.7388588551861,57.58396329456711,False,False,False
2.9000000000000004,S1,1001,BASELINE_TTC,58,19.89509597804519,-1.5323240389806188,1.8183891623130806,-14.96930478885905,-0.0,25.11259492856995,-2.781219812871859,0.25,True,5.364889183643067,29.899055419167496,2.869297210223055,70.73433913987662,9.319856997688653,70.73433913987662,61.41448214218797,False,False,False
2.95,S1,1001,BASELINE_TTC,59,19.988474072195835,-1.5324877476672611,1.9140140128882268,1.912497011502925,-0.0,25.11259492856995,-2.7687198128718586,0.25,True,5.271136904859162,29.581432842779435,2.6771595306357616,74.76340092786879,9.485619687454491,74.76340092786879,65.2777812404143,False,False,False
3.0,S1,1001,BASELINE_TTC,60,20.089304813738345,-1.5326626405969677,2.083639441651436,3.392508575264186,-0.0,25.11259492856995,-2.7562198128718585,0.25,True,5.170158192124324,29.256392821327964,2.410825027793812,79.27345979628114,9.67088397336947,79.27345979628114,69.60257582291167,False,False,False
3.0500000000000003,S1,1001,BASELINE_TTC,61,20.200305240231565,-1.5328546504462537,2.3126370564649923,4.579952296271124,-0.0,25.11259492856995,-2.7437198128718583,0.25,True,5.059326479259036,28.921227251996864,2.124107487859389,84.42719584814266,9.882738385233198,84.42719584814266,74.54445746290946,False,False,False
3.1,S1,1001,BASELINE_TTC,62,20.32517690502979,-1.533070696043012,2.6192141946493623,6.131542763687401,-0.0,25.11259492856995,-2.731219812871858,0.25,True,4.935071695353061,28.572246899739987,1.8278069939144708,90.45760982475188,10.131565068665722,90.45760982475188,80.32604475608616,False,False,False
3.1500000000000004,S1,1001,BASELINE_TTC,63,20.46490440626841,-1.5333151003828789,2.8913956405389105,5.443628917790964,-0.0,25.11259492856995,-2.718719812871858,0.25,True,4.796479075684856,28.208473449760707,1.607421155769359,97.49589670758165,10.424313170356287,97.49589670758165,87.07158353722537,False,False,False
3.2,S1,1001,BASELINE_TTC,64,20.615259499121667,-1.5335767699132674,3.0641090444783043,3.4542680787878766,-0.0,25.11259492856995,-2.7062198128718578,0.25,True,4.64770025616648,27.834127023408342,1.4677465338750701,105.4114286707913,10.75800874500479,105.4114286707913,94.65341992578651,False,False,False
3.25,S1,1001,BASELINE_TTC,65,20.7703426335496,-1.5338462626760219,3.1121754873205583,0.9613288568450784,-0.0,25.11259492856995,-2.6937198128718576,0.25,True,4.494492368004801,27.455093664462662,1.3952466089111297,113.94151441007814,11.124726867029045,113.94151441007814,102.8167875430491,False,False,False
3.3000000000000003,S1,1001,BASELINE_TTC,66,20.92570053079645,-1.5341166071086008,3.0965846285993868,-0.31181717442342993,-0.0,25.11259492856995,-2.6812198128718574,0.25,True,4.341189982341185,27.075815817792915,1.352100749678936,122.8466731067526,11.517579328107454,122.8466731067526,111.32909377864515,False,False,False
3.35,S1,1001,BASELINE_TTC,67,21.078627605675106,-1.534382064918077,3.030129938061295,-1.3290938107618366,-0.0,25.11259492856995,-2.6687198128718572,0.25,True,4.1904193690627505,26.698992088529835,1.331285260154822,131.94682707313763,11.931979975355842,131.94682707313763,120.01484709778178,False,False,False
3.4000000000000004,S1,1001,BASELINE_TTC,68,21.227765368813266,-1.5346408614962854,2.9502542702512597,-1.5975133562007038,-0.0,25.11259492856995,-2.656219812871857,0.25,True,4.043493545503448,26.325977459912735,1.3167778787507125,141.11973396961977,12.365544655215862,141.11973396961977,128.7541893144039,False,False,False
3.45,S1,1001,BASELINE_TTC,69,21.372171276840454,-1.534891928944944,2.846736405436194,-2.0703572963013173,-0.0,25.11259492856995,-2.643719812871857,0.25,True,3.901316235655764,25.957711851926803,1.313933964727713,150.25933322417146,12.81618740440189,150.25933322417146,137.44314581976957,False,False,False
3.5,S1,1001,BASELINE_TTC,70,21.511513328604767,-1.5351343970603608,2.7474631598722086,-1.9854649112797063,-0.0,25.11259492856995,-2.6312198128718567,0.25,True,3.7641987099995755,25.594526253587023,1.3106933161326462,159.29468077729763,13.283039459945417,159.29468077729763,146.0116413173522,False,False,False
3.5500000000000003,S1,1001,BASELINE_TTC,71,21.64543660644796,-1.5353665301796298,2.6331333035241893,-2.2865971269603858,-0.0,25.11259492856995,-2.6187198128718565,0.25,True,3.632470394343196,25.236774287384645,1.3167424214647785,168.15504203063642,13.764737099540968,168.15504203063642,154.39030493109544,False,False,False
3.6,S1,1001,BASELINE_TTC,72,21.773964026876364,-1.5355891937619646,2.529460413058851,-2.073457809306767,-0.0,25.11259492856995,-2.6062198128718563,0.25,True,3.5060955806022984,24.884433059765055,1.319898459156439,176.79750376584516,14.260877620287436,176.79750376584516,162.53662614555773,False,False,False
3.6500000000000004,S1,1001,BASELINE_TTC,73,21.896935315499896,-1.5358020498973133,2.4133186520526926,-2.3228352201231672,-0.0,25.11259492856995,-2.593719812871856,0.25,True,3.385211476458586,24.537662122759517,1.3324637466896123,185.17208053510734,14.770125987020206,185.17208053510734,170.40195454808713,False,False,False
3.7,S1,1001,BASELINE_TTC,74,22.014491679027163,-1.5360059070098089,2.3102157844324185,-2.062057352405482,-0.0,25.11259492856995,-2.581219812871856,0.25,True,3.2696660156405852,24.19632062006689,1.3410449666302235,193.2538280246522,15.292081748050991,193.2538280246522,177.9617462766012,False,False,False
3.75,S1,1001,BASELINE_TTC,75,22.12654153377281,-1.5362006401068555,2.1954435065751405,-2.295445557145559,-0.0,25.11259492856995,-2.568719812871856,0.25,True,3.1595269770500236,23.86049958597254,1.3601139750825755,201.00779132341071,15.825153690152641,201.00779132341071,185.18263763325808,False,False,False
3.8000000000000003,S1,1001,BASELINE_TTC,76,22.233283301252722,-1.53638612276238,2.0945815970903077,-2.0172381896966574,-0.0,25.11259492856995,-2.5562198128718556,0.25,True,3.054586093513571,23.53000106726094,1.3746476295394892,208.42353895369362,16.368829841193623,208.42353895369362,192.0547091125,False,False,False
3.85,S1,1001,BASELINE_TTC,77,22.33464066368959,-1.5365623302645588,1.9824541811448777,-2.2425483189085993,-0.0,25.11259492856995,-2.5437198128718554,0.25,True,2.9548935839618404,23.204900848135516,1.4012703503069501,215.4773056494355,16.92108313862233,215.4773056494355,198.55622251081317,False,False,False
3.9000000000000004,S1,1001,BASELINE_TTC,78,22.430815867898446,-1.5367295187765393,1.8845231052218538,-1.9586215184604772,-0.0,25.11259492856995,-2.5312198128718553,0.25,True,2.8602359824507366,22.884997211728056,1.4230544869630535,222.16846361081645,17.481075095474637,222.16846361081645,204.6873885153418,False,False,False
3.95,S1,1001,BASELINE_TTC,79,22.51835157976501,-1.536880943886672,1.5220358932910405,-7.249744238616267,-0.0,25.11259492856995,-2.518719812871855,0.25,True,2.773825177885005,22.573732515262467,1.704456090845208,228.25942581237916,18.0256493446801,228.25942581237916,210.23377646769907,False,False,False
4.0,S1,1001,BASELINE_TTC,80,22.554370992223625,-1.536942754634154,0.20618779877377147,-26.31696189034538,-0.0,25.11259492856995,-2.506219812871855,0.25,True,2.735691452653465,22.313795940782562,12.40725179453126,230.93930973618086,18.27691494649473,230.93930973618086,212.66239478968612,False,False,False
4.05,S1,1001,BASELINE_TTC,81,22.555367007442204,-1.5369458419372677,0.10315094340807154,-2.060737107313998,-0.0,25.11259492856995,-2.4937198128718547,0.25,True,2.7303536532935215,22.088753446953323,24.791124895593004,231.313948612101,18.312646033852392,231.313948612101,213.0013025782486,False,False,False
4.1000000000000005,S1,1001,BASELINE_TTC,82,22.56330531490874,-1.5369994180148865,0.15747924423315995,1.086566016501768,-0.0,25.11259492856995,-2.4812198128718546,0.25,True,2.7185344743785724,21.856823241178418,16.188099111567972,232.14303859563896,18.39226262209879,232.14303859563896,213.75077597354016,False,False,False
4.15,S1,1001,BASELINE_TTC,83,22.57899782381518,-1.5369136424991865,0.37491521105675735,4.348719336471947,-0.0,25.11259492856995,-2.4687198128718544,0.25,True,2.6995142208120226,21.61718186661587,6.75778690764088,233.47590358128232,18.52185093692888,233.47590358128232,214.95405264435345,False,False,False
4.2,S1,1001,BASELINE_TTC,84,22.604890278942808,-1.5368342205477603,0.6255498433129186,5.012692645123225,-0.0,25.11259492856995,-2.456219812871854,0.25,True,2.6709272691585446,21.3674111952712,4.008800699791264,235.47576909933608,18.720090426031003,235.47576909933608,216.75567867330508,False,False,False
4.25,S1,1001,BASELINE_TTC,85,22.644403794015595,-1.5370010807252328,0.8885336841310109,5.259676816361845,-0.0,25.11259492856995,-2.443719812871854,0.25,True,2.6294688315167942,21.10413337172927,2.777825060136303,238.36810436408027,19.015247262374956,238.36810436408027,219.3528571017053,False,False,False
4.3,S1,1001,BASELINE_TTC,86,22.698054850349457,-1.537004629068221,1.1688387726275724,5.6061017699312305,-0.0,25.11259492856995,-2.431219812871854,0.25,True,2.574805737192224,20.826801076868776,2.065759739294548,242.1653306942207,19.418940729301013,242.1653306942207,222.74638996491967,False,False,False
4.3500000000000005,S1,1001,BASELINE_TTC,87,22.76740317954483,-1.5371154621704761,1.487504682152257,6.373318190493693,-0.0,25.11259492856995,-2.4187198128718537,0.25,True,2.5054242297206097,20.53389520362573,1.5765945325509065,246.95411921621675,19.956700109655962,246.95411921621675,226.99741910656078,False,False,False
4.4,S1,1001,BASELINE_TTC,88,22.852815539805803,-1.5373512409157115,1.8170787335017202,6.591481026989263,-0.0,25.11259492856995,-2.4062198128718535,0.25,True,2.4210608173311905,20.225061372686525,1.2436331718049953,252.72256206864833,20.65210408680131,252.72256206864833,232.07045798184703,False,False,False
4.45,S1,1001,BASELINE_TTC,89,22.94963870168997,-1.5376431502026549,1.9903770800564036,3.465966931093667,-0.0,25.11259492856995,-2.3937198128718533,0.25,True,2.3262086948005583,19.9049314781834,1.0867067595144768,259.1244186296674,21.494202180465514,259.1244186296674,237.63021644920187,False,False,False
4.5,S1,1001,BASELINE_TTC,90,23.051327051301236,-1.5379337747161372,2.0516030152151137,1.2245187031742022,-0.0,25.11259492856995,-2.381219812871853,0.25,True,2.22709600242294,19.58001818648302,1.0047108831396352,265.7032301479702,22.45076096656954,265.7032301479702,243.25246918140067,False,False,False
4.55,S1,1001,BASELINE_TTC,91,23.15387747184665,-1.5382117124498222,2.0455966080565515,-0.1201281431712431,-0.0,25.11259492856995,-2.368719812871853,0.25,True,2.1275144606181207,19.25430639747441,0.9575286979890969,272.18202596703077,23.501602891795702,272.18202596703077,248.68042307523507,False,False,True
4.6000000000000005,S1,1001,BASELINE_TTC,92,23.25485591556432,-1.5384960054852712,2.000886011197978,-0.8942119371714696,-0.0,25.11259492856995,-2.356219812871853,0.25,True,2.0297454189158657,18.930221586745724,0.9284581943243025,278.3979831973955,24.633631160850786,278.3979831973955,253.7643520365447,False,False,True
4.65,S1,1001,BASELINE_TTC,93,23.35288042372158,-1.5387616092293683,1.9337254230025438,-1.343211763908685,-0.0,25.11259492856995,-2.3437198128718526,0.25,True,1.9350847134389455,18.609137043893384,0.9100126025731301,284.2637318990843,25.838662076525967,284.2637318990843,258.4250698225583,False,False,True
4.7,S1,1001,BASELINE_TTC,94,23.44714631663434,-1.5390274259922592,1.8536092337709775,-1.6023237846313254,-0.0,25.11259492856995,-2.3312198128718524,0.25,True,1.8442580776095971,18.29185603971872,0.8984895961849676,289.73674011868377,27.11117310913808,289.73674011868377,262.6255670095457,False,False,True
4.75,S1,1001,BASELINE_TTC,95,23.531112953720672,-1.5395922235131962,1.3810059078292631,-9.452066518834288,-0.0,25.11259492856995,-2.3187198128718522,0.25,True,1.7629875317973762,17.98491202955688,1.145166697610392,294.49426855861265,28.360949296688844,294.49426855861265,266.1333192619238,False,False,True
4.800000000000001,S1,1001,BASELINE_TTC,96,23.561029915250707,-1.5400817450457112,0.15415219178204564,-24.53707432094435,-0.0,25.11259492856995,-2.306219812871852,0.25,True,1.7304107979115015,17.73171947874506,10.065150520292232,296.3620824846047,28.894872859292658,296.3620824846047,267.467209625312,False,False,True
4.8500000000000005,S1,1001,BASELINE_TTC,97,23.562018397499507,-1.5400888340907528,0.10316988979561921,-1.0196460397285285,-0.0,25.11259492856995,-2.293719812871852,0.25,True,1.7240206584855673,17.507251830595017,15.029351433273359,296.7257490477826,29.001972658449194,296.7257490477826,267.7237763893334,False,False,True
4.9,S1,1001,BASELINE_TTC,98,23.5703563146403,-1.54009963762212,0.22603132723968514,2.4572287488813185,-0.0,25.11259492856995,-2.2812198128718517,0.25,True,1.7110695650550989,17.275526229411145,6.823118869245285,297.4600331384388,29.22148872327697,297.4600331384388,268.2385444151618,False,False,True
4.95,S1,1001,BASELINE_TTC,99,23.58448284814577,-1.5401087880242414,0.3698967533624849,2.877308522455995,-0.0,25.11259492856995,-2.2687198128718515,0.25,True,1.692926624478394,17.038097440196886,4.131185436295762,298.48237963137313,29.534652758742837,298.48237963137313,268.9477268726303,False,False,True
5.0,S1,1001,BASELINE_TTC,100,23.609216329362233,-1.5400717973980136,0.5939156496782622,4.480377926315545,-0.0,25.11259492856995,-2.2562198128718514,0.25,True,1.6652372781747578,16.790182795164274,2.5312998571802794,300.0282854044859,30.025751077830943,300.0282854044859,270.002534326655,False,False,True
5.050000000000001,S1,1001,BASELINE_TTC,101,23.64658637360799,-1.5398169524729752,0.8551486894516113,5.224660795466982,-0.0,25.11259492856995,-2.243719812871851,0.25,True,1.6262411629581182,16.529755950953856,1.714331756623611,302.1753811635088,30.74574739520825,302.1753811635088,271.42963376830056,False,False,True
5.1000000000000005,S1,1001,BASELINE_TTC,102,23.66331673127764,-1.5403471081922362,0.005611732543515201,-16.99073913816192,-0.0,25.11259492856995,-2.231219812871851,0.25,True,1.6055255797458288,16.289966924472374,999.0,303.3013636564198,31.142449943348467,303.3013636564198,272.15891371307134,False,False,True
5.15,S1,1001,BASELINE_TTC,103,23.66551091442702,-1.5403497254253153,0.15275069098865077,2.9427791689027107,-0.0,25.11259492856995,-2.218719812871851,0.25,True,1.598198398050204,16.064587433864677,9.47350224589457,303.69716487657263,31.285227203956538,303.69716487657263,272.4119376726161,False,False,True
5.2,S1,1001,BASELINE_TTC,104,23.68515917557074,-1.54036619335551,0.5307418966381557,7.559824112990099,-0.0,25.11259492856995,-2.2062198128718506,0.25,True,1.5750980514124955,15.821953081048827,2.689510215871268,304.9364807103284,31.74405552413811,304.9364807103284,273.1924251861903,False,False,True
5.25,S1,1001,BASELINE_TTC,105,23.72180358451917,-1.540395410327804,0.8871215317525432,7.127592702287748,-0.0,25.11259492856995,-2.1937198128718505,0.25,True,1.5365979752837493,15.562533793220746,1.5677573976850951,306.97278030962246,32.539415516779506,306.97278030962246,274.43336479284295,False,False,True
5.300000000000001,S1,1001,BASELINE_TTC,106,23.74725002522627,-1.5407977757547968,0.18047990508067405,-14.132832533437382,-0.0,25.11259492856995,-2.1812198128718503,0.25,True,1.5080805982147398,15.314338048321419,7.565079905895215,308.4570959428349,33.15472665001447,308.4570959428349,275.3023692928204,False,False,True
5.3500000000000005,S1,1001,BASELINE_TTC,107,23.749547291484156,-1.540802619132208,0.15758017576660133,-0.4579945862814544,-0.0,25.11259492856995,-2.16871981287185,0.25,True,1.50072611197348,15.089099095698888,8.649867475110975,308.83652961207935,33.31720531886339,308.83652961207935,275.51932429321596,False,False,True
5.4,S1,1001,BASELINE_TTC,108,23.77024449860336,-1.540802265936648,0.5566898310116455,7.982193104900883,-0.0,25.11259492856995,-2.15621981287185,0.25,True,1.4767001841630651,14.8456966237527,2.4113076172546597,310.06634696400033,33.85927660619749,310.06634696400033,276.2070703578028,False,False,True
5.45,S1,1001,BASELINE_TTC,109,23.807906968825648,-1.5408001604605346,0.8858625737362958,6.583454854493007,-0.0,25.11259492856995,-2.1437198128718498,0.25,True,1.4372622514925846,14.585572200500946,1.472788216169389,312.05229247153767,34.78836235215628,312.05229247153767,277.26393011938137,False,False,True
5.5,S1,1001,BASELINE_TTC,110,23.834888881387833,-1.5407992681466567,0.17311943506815686,-14.25486277336278,-0.0,25.11259492856995,-2.1312198128718496,0.25,True,1.4075259012321395,14.33611227674449,7.3804887745797405,313.52227908998657,35.52332497485859,313.52227908998657,277.99895411512796,False,False,True
5.550000000000001,S1,1001,BASELINE_TTC,111,23.83717842647031,-1.5408004861934046,0.1585926050927621,-0.2905365995078951,-0.0,25.11259492856995,-2.1187198128718494,0.25,True,1.400242122626138,14.111174753317632,8.04209314396242,313.8786978899842,35.70811018470547,313.8786978899842,278.17058770527876,False,False,True
5.6000000000000005,S1,1001,BASELINE_TTC,112,23.857019554691526,-1.540746371378873,0.5629251396991973,8.086650692128705,-0.0,25.11259492856995,-2.1062198128718492,0.25,True,1.3770365763202728,13.868944922024793,2.230448216523693,315.0045421457952,36.30985615037937,315.0045421457952,278.69468599541585,False,False,True
5.65,S1,1001,BASELINE_TTC,113,23.897351041569532,-1.540659802941974,0.9554592191097677,7.850681588211407,-0.0,25.11259492856995,-2.093719812871849,0.25,True,1.3351752991557029,13.60654461757647,1.2718950874038362,316.99774176055007,37.448266180191816,316.99774176055007,279.54947558035826,False,False,True
5.7,S1,1001,BASELINE_TTC,114,23.92739570140791,-1.5401387867797922,0.1798127361001719,-15.512929660191915,-0.0,25.11259492856995,-2.081219812871849,0.25,True,1.302868329825517,13.354359793398388,6.591297440142273,318.5022356234002,38.37686345994465,318.5022356234002,280.12537216345555,False,False,True
5.75,S1,1001,BASELINE_TTC,115,23.929681397665536,-1.5401386688532455,0.15928570516895213,-0.4105406186243954,-0.0,25.11259492856995,-2.0687198128718487,0.25,True,1.29563978304495,13.129787905149476,7.42636339933778,318.8347739225475,38.59097308859444,318.8347739225475,280.24380083395306,False,False,True
5.800000000000001,S1,1001,BASELINE_TTC,116,23.95007034353881,-1.5401716793557938,0.5882853710531629,8.579993317684215,-0.0,25.11259492856995,-2.0562198128718485,0.25,True,1.271915518777578,12.88744098892898,1.9761235655919216,319.9155625999811,39.31078696803257,319.9155625999811,280.60477563194854,False,False,True
5.8500000000000005,S1,1001,BASELINE_TTC,117,23.961041376914245,-1.540189532441559,0.0003487910899243061,-11.75873159926477,-0.0,25.11259492856995,-2.0437198128718483,0.25,True,1.2568286779195788,12.654503578466757,999.0,320.5943384659961,39.78266957017937,320.5943384659961,280.8116688958167,False,False,True
5.9,S1,1001,BASELINE_TTC,118,23.96325466303366,-1.540193109236668,0.15220363057909875,3.037096789783489,-0.0,25.11259492856995,-2.031219812871848,0.25,True,1.2498360971206846,12.430317237769454,7.551332784660423,320.90667915645474,40.00524557995062,320.90667915645474,280.90143357650413,False,False,True
5.95,S1,1001,BASELINE_TTC,119,23.982834609883916,-1.5402246183945891,0.5296498130187576,7.548923648793176,-0.0,25.11259492856995,-2.018719812871848,0.25,True,1.2269132116068362,12.18912550213932,2.133032601761769,321.9204567225912,40.75267877710529,321.9204567225912,281.1677779454859,False,False,True
6.0,S1,1001,BASELINE_TTC,120,24.019414882723588,-1.540283559944939,0.8865649727560757,7.138303194746363,-0.0,25.11259492856995,-2.006219812871848,0.25,True,1.1883346348685733,11.93132593027733,1.2330512477252298,323.59119537647945,42.075690241520114,323.59119537647945,281.5155051349593,False,False,True
6.050000000000001,S1,1001,BASELINE_TTC,121,24.045959073774263,-1.5403273345895485,0.14877845837542392,-14.755730287613035,-0.0,25.11259492856995,-1.9937198128718479,0.25,True,1.1589981820946458,11.683573651265524,7.169289603096743,324.83152599407185,43.140706148162806,324.83152599407185,281.69081984590906,False,False,True
6.1000000000000005,S1,1001,BASELINE_TTC,122,24.048233423525822,-1.540331312507746,0.1583214026060932,0.19085888461338574,-0.0,25.11259492856995,-1.981219812871848,0.25,True,1.1520625344021522,11.459861093620672,6.722789765148062,325.1209119344858,43.400421858130166,325.1209119344858,281.7204900763556,False,False,True
6.15,S1,1001,BASELINE_TTC,123,24.069870219167406,-1.5403669198319818,0.6110792148319365,9.055156244516866,-0.0,25.11259492856995,-1.968719812871848,0.25,True,1.127280364671649,11.21725724718618,1.7063658591125919,326.1427992631472,44.35453820271575,326.1427992631472,281.78826106043147,False,False,True
6.2,S1,1001,BASELINE_TTC,124,24.07547975224327,-1.540375886531578,0.0001704734328527399,-12.218174827981676,-0.0,25.11259492856995,-1.956219812871848,0.25,True,1.1173782081467365,10.990576478967936,999.0,326.5457793029458,44.7476061690241,326.5457793029458,281.7981731339217,False,False,True
6.25,S1,1001,BASELINE_TTC,125,24.077628149431405,-1.5403786796143777,0.14862651061368617,2.969120743616669,-0.0,25.11259492856995,-1.943719812871848,0.25,True,1.1107836439639525,10.767459853787074,6.963540857314873,326.812453918245,45.01326632931824,326.812453918245,281.79918758892677,False,False,True
6.300000000000001,S1,1001,BASELINE_TTC,126,24.096830309168496,-1.540409494418327,0.5192524011314349,7.4125178103549745,-0.0,25.11259492856995,-1.931219812871848,0.25,True,1.088352179690713,10.527789894727158,1.9562059167914019,327.7093270387193,45.94101149704038,327.7093270387193,281.76831554167893,False,False,True
6.3500000000000005,S1,1001,BASELINE_TTC,127,24.101756784021916,-1.5404176679166568,0.00014914632494877775,-10.382065096129722,-0.0,25.11259492856995,-1.9187198128718481,0.25,True,1.0793082355615626,10.302321112671173,999.0,328.06643697640067,46.32596912779515,328.06643697640067,281.74046784860553,False,False,True
6.4,S1,1001,BASELINE_TTC,128,24.103618977782244,-1.5404198916380807,0.13777619462796425,2.7525409660603093,-0.0,25.11259492856995,-1.9062198128718482,0.25,True,1.073239046830942,10.08005340362786,7.3232966951383425,328.30463066629045,46.58794342941574,328.30463066629045,281.7166872368747,False,False,True
6.45,S1,1001,BASELINE_TTC,129,24.122500553450614,-1.5404486005458153,0.5097824779285315,7.440125666011344,-0.0,25.11259492856995,-1.8937198128718482,0.25,True,1.0512313832364673,9.841350318161352,1.9421898907599229,329.15850368457205,47.56326798964376,329.15850368457205,281.5952356949283,False,False,True
6.5,S1,1001,BASELINE_TTC,130,24.127205737333217,-1.5404579417791524,0.00015410521798759746,-10.192567454210876,-0.0,25.11259492856995,-1.8812198128718483,0.25,True,1.0426459183235604,9.61675650183464,999.0,329.4874041649031,47.95491846397243,329.4874041649031,281.5324857009307,False,False,True
6.550000000000001,S1,1001,BASELINE_TTC,131,24.129102229394498,-1.5404583651911565,0.16317501369647608,3.26041816956977,-0.0,25.11259492856995,-1.8687198128718483,0.25,True,1.0368285621860747,9.395149613442678,6.027226086249092,329.70891322916384,48.22398014825014,329.70891322916384,281.4849330809137,False,False,True
6.6000000000000005,S1,1001,BASELINE_TTC,132,24.14696413227828,-1.5404530897382358,0.49841880650538606,6.704875856178199,-0.0,25.11259492856995,-1.8562198128718483,0.25,True,1.0159485509539468,9.15823527033153,1.9373883643398095,330.4949590920683,49.215090619550985,330.4949590920683,281.2798684725173,False,False,True
6.65,S1,1001,BASELINE_TTC,133,24.151440304014663,-1.540459973375917,0.00015181392472479255,-9.965339851613225,-0.0,25.11259492856995,-1.8437198128718484,0.25,True,1.0078614699228832,8.934675018576023,999.0,330.79560225375934,49.60999253580531,330.79560225375934,281.18560971795404,False,False,True
6.7,S1,1001,BASELINE_TTC,134,24.15321484525445,-1.5404667449222984,0.15618617767216383,3.1206872749487804,-0.0,25.11259492856995,-1.8312198128718484,0.25,True,1.0024706932297494,8.714048900786455,6.142541533536013,330.9948241774801,49.87676980252713,330.9948241774801,281.118054374953,False,False,True
6.75,S1,1001,BASELINE_TTC,135,24.17094294500803,-1.5404514156909102,0.46225918394515664,6.121460125459857,-0.0,25.11259492856995,-1.8187198128718485,0.25,True,0.9819072048904369,8.478255834433458,2.037064954611354,331.7460356824171,50.921308806955025,331.7460356824171,280.82472687546203,False,False,True
6.800000000000001,S1,1001,BASELINE_TTC,136,24.20448182736299,-1.5406588618622834,0.7876118265566509,6.507052852229884,-0.0,25.11259492856995,-1.8062198128718485,0.25,True,0.9461458784377963,8.227602842312626,1.1529957659182546,333.01923940450126,52.84597347985722,333.01923940450126,280.17326592464406,False,False,True
6.8500000000000005,S1,1001,BASELINE_TTC,137,24.21726537740572,-1.5403667871321716,0.0005738803778101067,-15.740758923576813,-0.0,25.11259492856995,-1.7937198128718486,0.25,True,0.930485228705643,7.997392160541918,999.0,333.563416300558,53.73540434333686,333.563416300558,279.8280119572211,False,False,True
6.9,S1,1001,BASELINE_TTC,138,24.21947862823658,-1.5403689338511697,0.15442906137201584,3.0771036198841144,-0.0,25.11259492856995,-1.7812198128718486,0.25,True,0.9250220926260101,7.777914659355646,5.783343448432133,333.7513189454449,54.05276306218471,333.7513189454449,279.69855588326016,False,False,True
6.95,S1,1001,BASELINE_TTC,139,24.23945539459292,-1.5403992367728705,0.5401863658957049,7.715146090473781,-0.0,25.11259492856995,-1.7687198128718487,0.25,True,0.9024981613631117,7.541799321947401,1.616367218986069,334.51542484210717,55.40177491827927,334.51542484210717,279.1136499238279,False,False,True
7.0,S1,1001,BASELINE_TTC,140,24.276676753230078,-1.540459053271391,0.9016527566115673,7.229327814317248,-0.0,25.11259492856995,-1.7562198128718487,0.25,True,0.8633144857159007,7.289718884453274,0.9270954579912496,335.80375866538543,57.916322298863854,335.80375866538543,277.88743636652157,False,False,True
7.050000000000001,S1,1001,BASELINE_TTC,141,24.298630190012723,-1.5404916169822513,0.006350316891587589,-17.90604879439959,-0.0,25.11259492856995,-1.7437198128718487,0.25,True,0.8389519028043725,7.052985208419181,999.0,336.57833513647523,59.59817223474257,336.57833513647523,276.9801629017327,False,False,True
7.1000000000000005,S1,1001,BASELINE_TTC,142,24.300866369112768,-1.5404951058525,0.15745853360871162,3.022164334342481,-0.0,25.11259492856995,-1.7312198128718488,0.25,True,0.8338340171197445,6.835783781738505,5.1551893749648965,336.7384559844602,59.96397241349251,336.7384559844602,276.7744835709677,False,False,True
7.15,S1,1001,BASELINE_TTC,143,24.321572050229914,-1.5405288862779685,0.557183850111989,7.994506330065547,-0.0,25.11259492856995,-1.7187198128718488,0.25,True,0.8108447449282401,6.601697937363269,1.4196801974447903,337.4465366355998,61.664085896523886,337.4465366355998,275.7824507390759,False,False,True
7.2,S1,1001,BASELINE_TTC,144,24.32731898824094,-1.5405392321965508,0.00016965068129067175,-11.140283988613966,-0.0,25.11259492856995,-1.7062198128718489,0.25,True,0.8025636157168584,6.382651954957429,999.0,337.697105742965,62.300357281135234,337.697105742965,275.39674846182976,False,False,True
7.25,S1,1001,BASELINE_TTC,145,24.3294483412733,-1.5405434491775054,0.14774185843830762,2.9514441551403383,-0.0,25.11259492856995,-1.693719812871849,0.25,True,0.7979859494934828,6.167871527511332,5.300776608436059,337.8345911094868,62.65774482838604,337.8345911094868,275.1768462811007,False,False,True
7.300000000000001,S1,1001,BASELINE_TTC,146,24.348703890518532,-1.540572946542028,0.5207441058856436,7.460044948946718,-0.0,25.11259492856995,-1.681219812871849,0.25,True,0.7767310081512603,5.937930300262461,1.4669221013116391,338.46336987570874,64.37234959758813,338.46336987570874,274.0910202781206,False,False,True
7.3500000000000005,S1,1001,BASELINE_TTC,147,24.35364565480569,-1.5405821737052037,0.00015279213722363977,-10.411826274968398,-0.0,25.11259492856995,-1.668719812871849,0.25,True,0.7696903628852986,5.722541427724162,999.0,338.66816085822836,64.96118752554933,338.66816085822836,273.706973332679,False,False,True
7.4,S1,1001,BASELINE_TTC,148,24.355370502445112,-1.5405854016678262,0.1274607520599609,2.5461591984547454,-0.0,25.11259492856995,-1.656219812871849,0.25,True,0.7660027079420759,5.511315176410418,5.9408438588893695,338.77472838479986,65.273920681467,338.77472838479986,273.50080770333284,False,False,True
7.45,S1,1001,BASELINE_TTC,149,24.374492542631444,-1.540616762554805,0.5154273799465837,7.759332557732456,-0.0,25.11259492856995,-1.643719812871849,0.25,True,0.7452686570041681,5.2853277796626745,1.4320201344658885,339.36498815534213,67.08990044072169,339.36498815534213,272.27508771462044,False,False,True
7.5,S1,1001,BASELINE_TTC,150,24.379296937271995,-1.5406260405751055,0.00015814683175155182,-10.305384662296643,-0.0,25.11259492856995,-1.6312198128718491,0.25,True,0.738872908977296,5.074121754994809,999.0,339.5439975071197,67.67063644166767,339.5439975071197,271.873361065452,False,False,True
7.550000000000001,S1,1001,BASELINE_TTC,151,24.381120972143663,-1.5406282519406176,0.15965655486177358,3.1899681606004404,-0.0,25.11259492856995,-1.6187198128718492,0.25,True,0.7356306415713012,4.867304749596524,4.581546664711508,339.6341911400118,67.96889250453243,339.6341911400118,271.66529863547936,False,False,True
7.6000000000000005,S1,1001,BASELINE_TTC,152,24.399842120504868,-1.54065042594182,0.5136947849453583,7.080764601671694,-0.0,25.11259492856995,-1.6062198128718492,0.25,True,0.7157624675177104,4.647170911383076,1.3875025189148045,340.1787311999132,69.85557677172116,340.1787311999132,270.3231544281921,False,False,True
7.65,S1,1001,BASELINE_TTC,153,24.404604507431905,-1.5406583556329139,0.00016126027974770223,-10.27067049331221,-0.0,25.11259492856995,-1.5937198128718493,0.25,True,0.7099760240089428,4.441895104253289,999.0,340.3346813414427,70.42491339027275,340.3346813414427,269.90976795116995,False,False,True
7.7,S1,1001,BASELINE_TTC,154,24.40585234543737,-1.5406604757625644,0.11089287386028551,2.214632271610756,-0.0,25.11259492856995,-1.5812198128718493,0.25,True,0.7079054588288307,4.242211033621095,6.3732010771315135,340.3901947580373,70.63090046334823,340.3901947580373,269.7592942946891,False,False,True
7.75,S1,1001,BASELINE_TTC,155,24.423409835900067,-1.5406898999810466,0.5174753265256847,8.131649053307983,-0.0,25.11259492856995,-1.5687198128718494,0.25,True,0.6897548607839332,4.031264620066452,1.331822132075464,340.8702632290567,72.48952177469697,340.8702632290567,268.38074145435974,False,False,True
7.800000000000001,S1,1001,BASELINE_TTC,156,24.429643151519745,-1.5407717159484378,0.0001679341163873064,-10.346147848185948,-0.0,25.11259492856995,-1.5562198128718494,0.25,True,0.6831264696047066,3.8336784255583276,999.0,341.0426355484042,73.19288920093035,341.0426355484042,267.8497463474738,False,False,True
7.8500000000000005,S1,1001,BASELINE_TTC,157,24.430829937655922,-1.5407739116470367,0.11094644969511144,2.2155703115744827,-0.0,25.11259492856995,-1.5437198128718495,0.25,True,0.6817713554924648,3.644193466847299,6.1449915052493065,341.07768122861484,73.33837011072933,341.07768122861484,267.7393111178855,False,False,True
7.9,S1,1001,BASELINE_TTC,158,24.448005709840643,-1.5407979686939939,0.49306840540800806,7.642439114257932,-0.0,25.11259492856995,-1.5312198128718495,0.25,True,0.6646582360282501,3.4462376059409987,1.3478641329276988,341.514570745792,75.22663120640972,341.514570745792,266.2879395393823,False,False,True
7.95,S1,1001,BASELINE_TTC,159,24.455904846813244,-1.5408105369005227,0.00030335755433911495,-9.855300957073378,-0.0,25.11259492856995,-1.5187198128718495,0.25,True,0.6570615371224693,3.2614916519886092,999.0,341.7051265437018,76.09637328486713,341.7051265437018,265.60875325883467,False,False,True
8.0,S1,1001,BASELINE_TTC,160,24.4571107006309,-1.5408122620850406,0.10576533457913997,2.109239540496017,-0.0,25.11259492856995,-1.5062198128718496,0.25,True,0.6563963822412661,3.0882884407395275,6.197533724517076,341.7217120401186,76.1734850354826,341.7217120401186,265.548227004636,False,False,True
8.05,S1,1001,BASELINE_TTC,161,24.47529199716311,-1.5409154889553918,0.4980035073325476,7.844763455068153,-0.0,25.11259492856995,-1.4937198128718496,0.25,True,0.6390480875651954,2.910283376252646,1.2797157490324125,342.1486323400042,78.24137333780695,342.1486323400042,263.9072590021973,False,False,True
8.1,S1,1001,BASELINE_TTC,162,24.48036956663756,-1.5408612652205278,0.00016658174435850643,-9.956738511763781,-0.0,25.11259492856995,-1.4812198128718497,0.25,True,0.6350322913906058,2.750959130842111,999.0,342.2459009069341,78.73615354348209,342.2459009069341,263.509747363452,False,False,True
8.15,S1,1001,BASELINE_TTC,163,24.48160976580758,-1.5408630968637738,0.11235631414943423,2.2437946481015145,-0.0,25.11259492856995,-1.4687198128718497,0.25,True,0.63509599987041,2.6046706375795456,5.615929710217793,342.24436236405,78.72825527196265,342.24436236405,263.51610709208734,False,False,True
8.200000000000001,S1,1001,BASELINE_TTC,164,24.499193751055863,-1.5408837585979143,0.5182046806711025,8.116967330433363,-0.0,25.11259492856995,-1.4562198128718498,0.25,True,0.6192164308879216,2.4613104945824777,1.1837044326185966,342.6232832476205,80.74721132367694,342.6232832476205,261.8760719239436,False,False,True
8.25,S1,1001,BASELINE_TTC,165,24.50831300791173,-1.540857633446592,0.0003679296771967212,-10.356735019878116,-0.0,25.11259492856995,-1.4437198128718498,0.25,True,0.6120395377917984,2.3384929052490717,999.0,342.79152578130396,81.69406862242425,342.79152578130396,261.0974571588797,False,False,True
8.3,S1,1001,BASELINE_TTC,166,24.509526488801978,-1.5408591704254775,0.1123065759886142,2.2387729262283496,-0.0,25.11259492856995,-1.4312198128718499,0.25,True,0.612953776209063,2.2367829360969673,5.369840852677349,342.770198414092,81.57221953869858,342.770198414092,261.19797887539346,False,False,True
8.35,S1,1001,BASELINE_TTC,167,24.527064711614713,-1.5408809613934125,0.5165937952951869,8.085744386131454,-0.0,25.11259492856995,-1.41871981287185,0.25,True,0.5981379282203692,2.148961842595621,1.1334441533906932,343.1120602144555,83.59275953083974,343.1120602144555,259.5193006836157,False,False,True
8.4,S1,1001,BASELINE_TTC,168,24.53625626098027,-1.540846374600065,0.0003361646654303717,-10.32515261259513,-0.0,25.11259492856995,-1.40621981287185,0.25,True,0.591853504578464,2.087474549125577,999.0,343.25464165153386,84.48036484232955,343.25464165153386,258.7742768092043,False,False,True
8.450000000000001,S1,1001,BASELINE_TTC,169,24.537496448387436,-1.540847729551274,0.11094832757018355,2.2122432580950635,-0.0,25.11259492856995,-1.39371981287185,0.25,True,0.5936201527699896,2.05188138416002,5.18348038927148,343.2147060132927,84.22894635009727,343.2147060132927,258.98575966319544,False,False,True
8.5,S1,1001,BASELINE_TTC,170,24.555030951766692,-1.5408734281583207,0.5174507197243239,8.130047843082805,-0.0,25.11259492856995,-1.38121981287185,0.25,True,0.5799714347299402,2.041094365243,1.0775209223794404,343.5202652977565,86.21114249063346,343.5202652977565,257.30912280712306,False,False,True
8.55,S1,1001,BASELINE_TTC,171,24.564503300666498,-1.5409296937269659,0.000386559160843723,-10.341283211269602,-0.0,25.11259492856995,-1.36871981287185,0.25,True,0.5745090735941344,2.0579980589884066,999.0,343.6406365975628,87.03082735873868,343.6406365975628,256.6098092388241,False,False,True
8.6,S1,1001,BASELINE_TTC,172,24.56572059509304,-1.5409311366030352,0.11255047048128274,2.2432782264087803,-0.0,25.11259492856995,-1.3562198128718501,0.25,True,0.5772259607210526,2.099096616834124,4.85892534378927,343.58090303254914,86.62119066429646,343.58090303254914,256.95971236825267,False,False,True
8.65,S1,1001,BASELINE_TTC,173,24.58332370683706,-1.5409537112832794,0.5176694634600449,8.102379859575244,-0.0,25.11259492856995,-1.3437198128718502,0.25,True,0.5648267316949485,2.168699082540176,1.0224115175643187,343.8513039596091,88.52272244615362,343.8513039596091,255.32858151345545,False,False,True
8.700000000000001,S1,1001,BASELINE_TTC,174,24.592985720946373,-1.5409642761959361,0.00040219967258918335,-10.345345275749116,-0.0,25.11259492856995,-1.3312198128718502,0.25,True,0.5603449549539206,2.2588783793432867,999.0,343.94764870208274,89.23074894840751,343.94764870208274,254.71689975367525,False,False,True
8.75,S1,1001,BASELINE_TTC,175,24.5941686817834,-1.5409660893053143,0.11113499569252502,2.214655920398717,-0.0,25.11259492856995,-1.3187198128718502,0.25,True,0.5640560085184172,2.364652494183264,4.664833462727345,343.86792491250304,88.64367943058164,343.86792491250304,255.2242454819214,False,False,True
8.8,S1,1001,BASELINE_TTC,176,24.610890666674646,-1.541002297971474,0.4705393323632882,7.188086733415264,-0.0,25.11259492856995,-1.3062198128718503,0.25,True,0.5539223607270863,2.495490410113595,1.0662323580379376,344.0844234909053,90.2653576475398,344.0844234909053,253.81906584336548,False,False,True
8.85,S1,1001,BASELINE_TTC,177,24.61633619653633,-1.5408598153853035,0.00016044608451954188,-9.407577725575372,-0.0,25.11259492856995,-1.2937198128718503,0.25,True,0.5543923790619477,2.6347267611542837,999.0,344.0744656741054,90.1888299485679,344.0744656741054,253.8856357255375,False,False,True
8.9,S1,1001,BASELINE_TTC,178,24.617580232768354,-1.5408625063098071,0.1120831659669096,2.2384543976478013,-0.0,25.11259492856995,-1.2812198128718504,0.25,True,0.5589757394693122,2.7833396679398703,4.416494587133099,343.97693501267264,89.44932037206063,343.97693501267264,254.527614640612,False,False,True
8.950000000000001,S1,1001,BASELINE_TTC,179,24.635152883273413,-1.5408877405807289,0.5181305122031924,8.120946924725656,-0.0,25.11259492856995,-1.2687198128718504,0.25,True,0.5495691835340539,2.9536588504098735,0.9214706218832026,344.17626220924745,90.9803560644913,344.17626220924745,253.19590614475615,False,False,True
9.0,S1,1001,BASELINE_TTC,180,24.64455078706161,-1.5408652331486365,0.00038187572889002077,-10.354972729486047,-0.0,25.11259492856995,-1.2562198128718505,0.25,True,0.5478031888231641,3.1272834589049263,999.0,344.2133196317052,91.27365634255271,344.2133196317052,252.93966328915246,False,False,True
9.05,S1,1001,BASELINE_TTC,181,24.64574902556953,-1.5408676232308238,0.11183869798608961,2.229136445143992,-0.0,25.11259492856995,-1.2437198128718505,0.25,True,0.5533912886461188,3.3019772348243612,4.1742787729743425,344.0956649769571,90.35198245047525,344.0956649769571,253.74368252648185,False,False,True
9.1,S1,1001,BASELINE_TTC,182,24.663312543356938,-1.5408320291266477,0.49528879683052746,7.669001976888756,-0.0,25.11259492856995,-1.2312198128718506,0.25,True,0.5456320977700103,3.4958566138913643,0.9071119477930454,344.2587195350551,91.6368377233473,344.2587195350551,252.6218818117078,False,False,True
9.15,S1,1001,BASELINE_TTC,183,24.669308617480112,-1.5410418067329203,0.00017954152366666588,-9.902185106137216,-0.0,25.11259492856995,-1.2187198128718506,0.25,True,0.5480823125464028,3.685987933535712,999.0,344.207470203603,91.22717310051272,344.207470203603,252.9802971030903,False,False,True
9.200000000000001,S1,1001,BASELINE_TTC,184,24.670510681287176,-1.5410445794043284,0.11156624890613531,2.2277341476493726,-0.0,25.11259492856995,-1.2062198128718506,0.25,True,0.5545683961236035,3.8763711929580986,3.9625267642969373,344.070734474042,90.16020449325403,344.070734474042,253.910529980788,False,False,True
9.25,S1,1001,BASELINE_TTC,185,24.687903942669266,-1.5410680395111314,0.5124796536191865,8.018268094261023,-0.0,25.11259492856995,-1.1937198128718507,0.25,True,0.548646720626989,4.084448928493343,0.8286982378743666,344.19563344250724,91.13332518029162,344.19563344250724,253.06230826221562,False,False,True
9.3,S1,1001,BASELINE_TTC,186,24.696886759143837,-1.5410796238878532,0.00035079869132382814,-10.242577098557252,-0.0,25.11259492856995,-1.1812198128718507,0.25,True,0.549829396915156,4.288721925569059,999.0,344.1707921786559,90.93729851573485,344.1707921786559,253.23349366292106,False,False,True
9.35,S1,1001,BASELINE_TTC,187,24.6980887994252,-1.5410814431751874,0.11200629355488476,2.2331098972712184,-0.0,25.11259492856995,-1.1687198128718508,0.25,True,0.5571970161627966,4.488956171067555,3.7007396280070366,344.0148770443066,89.73486675203492,344.0148770443066,254.2800102922717,False,False,True
9.4,S1,1001,BASELINE_TTC,188,24.715382873575045,-1.5411059198791008,0.5078424867199467,7.916723863301238,-0.0,25.11259492856995,-1.1562198128718508,0.25,True,0.553095590292015,4.706055704162068,0.7821560136892435,344.1019196673755,90.40028681769412,344.1019196673755,253.7016328496814,False,False,True
9.450000000000001,S1,1001,BASELINE_TTC,189,24.723209518069474,-1.5411188459630267,0.0003005769884791008,-10.150838194629351,-0.0,25.11259492856995,-1.1437198128718509,0.25,True,0.5563694720349297,4.916886162592662,999.0,344.0324896312612,89.86833842109318,344.0324896312612,254.16415121016803,False,False,True
9.5,S1,1001,BASELINE_TTC,190,24.724464959621827,-1.541119824502971,0.11216010312100261,2.23719052265047,-0.0,25.11259492856995,-1.131219812871851,0.25,True,0.5645023404122117,5.12358673632983,3.460499394596625,343.85830225505856,88.5735920306175,343.85830225505856,255.28471022444106,False,False,True
9.55,S1,1001,BASELINE_TTC,191,24.74205670133407,-1.5411455416438855,0.518933442909426,8.135466795768467,-0.0,25.11259492856995,-1.118719812871851,0.25,True,0.5619093113409787,5.346980415278927,0.7140380569007825,343.91410386974684,88.9823304060874,343.91410386974684,254.93177346365945,False,False,True
9.600000000000001,S1,1001,BASELINE_TTC,192,24.751572801221727,-1.541119163640417,0.0003887957517092796,-10.370892943154335,-0.0,25.11259492856995,-1.106219812871851,0.25,True,0.5652206840995452,5.564447268734924,999.0,343.8427997643715,88.46102311286636,343.8427997643715,255.3817766515051,False,False,True
9.65,S1,1001,BASELINE_TTC,193,24.75277484150309,-1.541120982927751,0.11193179917883814,2.2308600685425772,-0.0,25.11259492856995,-1.093719812871851,0.25,True,0.5741413606632011,5.775478409182193,3.2146368566091,343.6487002887761,87.08656687308522,343.6487002887761,256.56213341569094,False,False,True
9.700000000000001,S1,1001,BASELINE_TTC,194,24.7707328826682,-1.541145769962938,0.520277927880242,8.166922574028076,-0.0,25.11259492856995,-1.081219812871851,0.25,True,0.5730632988023961,6.003380367483114,0.6570758196385426,343.67231277431154,87.2503964300129,343.67231277431154,256.42191634429867,False,False,True
9.75,S1,1001,BASELINE_TTC,195,24.775583075032856,-1.541155348825555,0.00015847746608433787,-10.402389008283151,-0.0,25.11259492856995,-1.0687198128718511,0.25,True,0.58032088111352,6.2200314814038515,999.0,343.5125274009709,86.15922953532187,343.5125274009709,257.35329786564904,False,False,True
9.8,S1,1001,BASELINE_TTC,196,24.776777500004474,-1.5411578330105584,0.11078310092329047,2.2124924691441223,-0.0,25.11259492856995,-1.0562198128718512,0.25,True,0.5898628897501337,6.4341288422617575,3.0313055490115497,343.2995030479052,84.7654613789656,343.2995030479052,258.5340416689396,False,False,True
9.850000000000001,S1,1001,BASELINE_TTC,197,24.793854073194098,-1.5411824299625891,0.4905507642013783,7.595353265561756,-0.0,25.11259492856995,-1.0437198128718512,0.25,True,0.5908170514537449,6.66415112481499,0.6497612044183992,343.278017756626,84.62856628286482,343.278017756626,258.6494514737612,False,False,True
9.9,S1,1001,BASELINE_TTC,198,24.80169220534882,-1.5411969805062142,0.000299865695298845,-9.805017970121588,-0.0,25.11259492856995,-1.0312198128718513,0.25,True,0.5972748235232099,6.8861720481794055,999.0,343.13172808267956,83.71355702733219,343.13172808267956,259.4181710553474,False,False,True
9.950000000000001,S1,1001,BASELINE_TTC,199,24.802863666762704,-1.5411966924638563,0.10216514026892203,2.0373054914724635,-0.0,25.11259492856995,-1.0187198128718513,0.25,True,0.6073841817572367,7.102495195766721,3.0316726526480915,342.89965264273536,82.32022087790281,342.89965264273536,260.5794317648325,False,False,True
0.0,S1,1001,BASELINE_UTILITARIAN,0,1.2711040209966011,-1.5001323373094522,2.9344916401043726,58.68983280208745,-0.0,25.11259492856995,-3.3937198128718675,0.0,False,23.916570870915205,61.53640995348056,8.124572781786958,5.534743690236997e-12,2.0906007081811504,2.0906007081811504,2.0906007081756157,False,False,False
0.05,S1,1001,BASELINE_UTILITARIAN,1,1.422980491337631,-1.5003474026674724,3.1142772676483115,3.595712550878778,-0.0,25.11259492856995,-3.3937198128718675,0.0,False,23.76515708486795,61.159740873745925,7.606777560663728,8.265895623743904e-12,2.1039204504916413,2.1039204504916413,2.1039204504833755,False,False,False
0.1,S1,1001,BASELINE_UTILITARIAN,2,1.5856943566038204,-1.5005769410213077,3.358143241504224,4.877319477118247,-0.0,25.11259492856995,-3.3937198128718675,0.0,False,23.602945588557773,60.77224331994702,7.005925262862715,1.2667093633381789e-11,2.118379666317537,2.118379666317537,2.11837966630487,False,False,False
0.15000000000000002,S1,1001,BASELINE_UTILITARIAN,3,1.7624754679339993,-1.500887209151756,3.657381008116893,5.984755332253382,-0.0,25.11259492856995,-3.3937198128718675,0.0,False,23.42671325840814,60.37069169954419,6.384382542812631,2.0074696756868068e-11,2.1343156186049437,2.1343156186049437,2.134315618584869,False,False,False
0.2,S1,1001,BASELINE_UTILITARIAN,4,1.9549707436795423,-1.5012161035005533,3.977743189099816,6.407243619658463,-0.0,25.11259492856995,-3.3937198128718675,0.0,False,23.23482576174406,59.95343836654582,5.821799720089798,3.301267550150474e-11,2.151942111066939,2.151942111066939,2.151942111033926,False,False,False
0.25,S1,1001,BASELINE_UTILITARIAN,5,2.163745257694769,-1.5015768682970076,4.306348386068803,6.572103939379748,-0.0,25.11259492856995,-3.3937198128718675,0.0,False,23.02672156732548,59.519919465890844,5.329074104899539,5.635873617791391e-11,2.171390306423348,2.171390306423348,2.1713903063669893,False,False,False
0.30000000000000004,S1,1001,BASELINE_UTILITARIAN,6,2.3890813292940773,-1.5019673068530892,4.639411235861662,6.6612569958571655,-0.0,25.11259492856995,-3.3937198128718675,0.0,False,22.802122660851204,59.06985327890963,4.897930457991728,9.984076956819933e-11,2.1927783103212857,2.1927783103212857,2.192778310221445,False,False,False
0.35000000000000003,S1,1001,BASELINE_UTILITARIAN,7,2.6311392211047,-1.502387280386813,4.974796068020999,6.707696643186747,-0.0,25.11259492856995,-3.3937198128718675,0.0,False,22.56087297679676,58.603080190023064,4.519070812164667,1.8338100192041772e-10,2.2162262981323297,2.2162262981323297,2.216226297948949,False,False,False
0.4,S1,1001,BASELINE_UTILITARIAN,8,2.8900104697605844,-1.502835007122627,5.3114983534210145,6.734045708000309,-0.0,25.11259492856995,-3.3937198128718675,0.0,False,22.30288558410164,58.11950926146725,4.1838635692123125,3.488289716254292e-10,2.2418623729855804,2.2418623729855804,2.2418623726367515,False,False,False
0.45,S1,1001,BASELINE_UTILITARIAN,9,3.1637260436708665,-1.5033085147577765,5.511345946020525,3.996951851990218,-0.0,25.11259492856995,-3.3937198128718675,0.0,False,22.03012710363988,57.621108920071045,3.982487962082528,6.829153584981304e-10,2.269619224835923,2.269619224835923,2.2696192241530073,False,False,False
0.5,S1,1001,BASELINE_UTILITARIAN,10,3.443188532066472,-1.5037914149274343,5.652630903133138,2.825699142252258,-0.0,25.11259492856995,-3.3812198128718673,0.25,False,21.750584152298856,57.11697103747049,3.8335081076127877,1.3478857734238475e-09,2.2987888348146,2.2987888348146,2.2987888334667144,False,False,False
0.55,S1,1001,BASELINE_UTILITARIAN,11,3.7311302384142895,-1.504289740588888,5.835752882894724,3.66243959523171,-0.0,25.11259492856995,-3.368719812871867,0.25,False,21.462598439862923,56.604365586653074,3.663874245399808,2.691002745348462e-09,2.3296340440835897,2.3296340440835897,2.329634041392587,False,False,False
0.6000000000000001,S1,1001,BASELINE_UTILITARIAN,12,4.031183966549616,-1.5048078141923895,6.1194916043371785,5.674774428849094,-0.0,25.11259492856995,-3.356219812871867,0.25,False,21.162552174500256,56.07966271263653,3.4449611708068892,5.4763708514206865e-09,2.3626639919285033,2.3626639919285033,2.3626639864521324,False,False,False
0.65,S1,1001,BASELINE_UTILITARIAN,13,4.345303611546653,-1.5053527513723282,6.39689221832777,5.548012279811836,-0.0,25.11259492856995,-3.343719812871867,0.25,False,20.848500715852875,55.5409106950167,3.246465722452353,1.1397821129669901e-08,2.398253988689977,2.398253988689977,2.398253977292156,False,False,False
0.7000000000000001,S1,1001,BASELINE_UTILITARIAN,14,4.675679331287151,-1.505918683007934,6.750655792849358,7.075271490431749,-0.0,25.11259492856995,-3.3312198128718666,0.25,False,20.518266090124268,54.98592139553425,3.0273970743598912,2.4345624439906016e-08,2.4368530839974683,2.4368530839974683,2.4368530596518436,False,False,False
0.75,S1,1001,BASELINE_UTILITARIAN,15,5.023005448159662,-1.5064989696114708,7.078457226769857,6.556028678409991,-0.0,25.11259492856995,-3.3187198128718665,0.25,False,20.171161341780973,54.41400164117617,2.838131083766944,5.3356225626876e-08,2.4787863798617233,2.4787863798617233,2.4787863265054977,False,False,False
0.8,S1,1001,BASELINE_UTILITARIAN,16,5.3884055649826195,-1.5071641435145864,7.456115401178698,7.553163488176811,-0.0,25.11259492856995,-3.3062198128718663,0.25,False,19.80606592314835,53.82403226084098,2.6453707195129033,1.2004322860818328e-07,2.524479126445928,2.524479126445928,2.524479006402699,False,False,False
0.8500000000000001,S1,1001,BASELINE_UTILITARIAN,17,5.769206453999281,-1.5078280119288365,7.7093815918557045,5.065323813540132,-0.0,25.11259492856995,-3.293719812871866,0.25,False,19.425655386700058,53.21868257959638,2.5090713495107426,2.750552329543007e-07,2.573915731781844,2.573915731781844,2.573915456726611,False,False,False
0.9,S1,1001,BASELINE_UTILITARIAN,18,6.160859392180832,-1.5084816656337523,7.901237800868698,3.8371241802598632,-0.0,25.11259492856995,-3.281219812871866,0.25,False,19.034465592180606,52.602498766121066,2.398578047392205,6.344869681048568e-07,2.6268139632215415,2.6268139632215415,2.626813328734573,False,False,False
0.9500000000000001,S1,1001,BASELINE_UTILITARIAN,19,6.558053831453231,-1.5091707678748776,7.9639180367629,1.2536047178840448,-0.0,25.11259492856995,-3.2687198128718657,0.25,False,18.637784422144794,51.98079009548326,2.3298257228999053,1.4553939094031357e-06,2.6827223058010943,2.6827223058010943,2.682720850407185,False,False,False
1.0,S1,1001,BASELINE_UTILITARIAN,20,6.957202059934163,-1.5098626955220595,7.990446043761362,0.5305601399692428,-0.0,25.11259492856995,-3.2562198128718656,0.25,False,18.239190042209373,51.35714101731398,2.2721375964750843,3.2932838262292836e-06,2.7413498014050703,2.7413498014050703,2.7413465081212443,False,False,False
1.05,S1,1001,BASELINE_UTILITARIAN,21,7.355014703786276,-1.5105532373282529,7.930447805372777,-1.199964767771693,-0.0,25.11259492856995,-3.2437198128718654,0.25,False,17.84195958459187,50.734838705799135,2.239164882057876,7.301917207005068e-06,2.802382763111933,2.802382763111933,2.802375461194726,False,False,False
1.1,S1,1001,BASELINE_UTILITARIAN,22,7.749805062495955,-1.51123870099471,7.873237559178623,-1.1442049238830876,-0.0,25.11259492856995,-3.231219812871865,0.25,False,17.44777369633891,50.115568730100286,2.20529226199106,1.5814930101163512e-05,2.8656951236415664,2.8656951236415664,2.8656793087114654,False,False,False
1.1500000000000001,S1,1001,BASELINE_UTILITARIAN,23,8.140061964084854,-1.5119153557214702,7.76092477387856,-2.246255706001268,-0.0,25.11259492856995,-3.218719812871865,0.25,False,17.058137550315443,49.500841143511394,2.1869214634846914,3.3377599712647566e-05,2.9311523519210563,2.9311523519210563,2.9311189743213437,False,False,False
1.2000000000000002,S1,1001,BASELINE_UTILITARIAN,24,8.525686233083581,-1.512584694797681,7.682736773235164,-1.5637600128679097,-0.0,25.11259492856995,-3.206219812871865,0.25,False,16.67315027178654,48.89075528821763,2.1589843808356464,6.867161464561799e-05,2.9988334049029395,2.9988334049029395,2.998764733288294,False,False,False
1.25,S1,1001,BASELINE_UTILITARIAN,25,8.906395467837775,-1.5132455780671137,7.571729499018657,-2.2201454843301427,-0.0,25.11259492856995,-3.1937198128718647,0.25,False,16.293093463639078,48.28559346236998,2.1403563694176606,0.0001377436035327804,3.068784949376486,3.068784949376486,3.0686472057729532,False,False,False
1.3,S1,1001,BASELINE_UTILITARIAN,26,9.28312079463473,-1.5139003091205723,7.5132569897459405,-1.1694501854543304,-0.0,25.11259492856995,-3.1812198128718645,0.25,False,15.917041360897247,47.68442564059766,2.1068724463357524,0.00026997278953484185,3.1412873075038292,3.1412873075038292,3.1410173347142942,False,False,False
1.35,S1,1001,BASELINE_UTILITARIAN,27,9.656320084849813,-1.5145476061528882,7.434487984925208,-1.5753800964146514,-0.0,25.11259492856995,-3.1687198128718643,0.25,False,15.544539804513272,47.08679456085918,2.0789965462397113,0.0005177040973131816,3.2165635412045313,3.2165635412045313,3.216045837107218,False,False,False
1.4000000000000001,S1,1001,BASELINE_UTILITARIAN,28,10.027351886669583,-1.5151916272324115,7.414631763506667,-0.39712442837082307,-0.0,25.11259492856995,-3.156219812871864,0.25,False,15.174239062940407,46.49134341524485,2.034523564089442,0.0009739487158794663,3.2950581437795794,3.2950581437795794,3.2940841950637,False,False,False
1.4500000000000002,S1,1001,BASELINE_UTILITARIAN,29,10.396910710688223,-1.515833359943997,7.377936366300213,-0.7339079441290686,-0.0,25.11259492856995,-3.143719812871864,0.25,False,14.805450898369811,45.897378808692956,1.9945528786474407,0.0018000855550434891,3.377134566398472,3.377134566398472,3.3753344808434287,False,False,False
1.5,S1,1001,BASELINE_UTILITARIAN,30,10.766332141534551,-1.5164741901286334,7.397426251481043,0.38979770361660115,-0.0,25.11259492856995,-3.131219812871864,0.25,False,14.436850743179592,45.30356701720455,1.9393586768321112,0.0032760938102766746,3.4633592110538043,3.4633592110538043,3.460083117243528,False,False,False
1.55,S1,1001,BASELINE_UTILITARIAN,31,11.136097014141676,-1.5171156082085133,7.395384200653246,-0.04084101655594807,-0.0,25.11259492856995,-3.1187198128718636,0.25,False,14.067964670854604,44.70942837150838,1.8898947688469936,0.005875670030197167,3.554174407587746,3.554174407587746,3.5482987375575488,False,False,False
1.6,S1,1001,BASELINE_UTILITARIAN,32,11.507212760811358,-1.517759465794228,7.440726241628504,0.9068408195051525,-0.0,25.11259492856995,-3.1062198128718634,0.25,False,13.697796545612784,44.11395726320861,1.82850191311176,0.010400148540058782,3.6502221239381973,3.6502221239381973,3.6398219753981387,False,False,False
1.6500000000000001,S1,1001,BASELINE_UTILITARIAN,33,11.879687020379041,-1.5184060513721818,7.454992940281292,0.2853339730557636,-0.0,25.11259492856995,-3.0937198128718633,0.25,False,13.326344778439127,43.51714689101773,1.7750396297077655,0.01816498654421257,3.7519665618208884,3.7519665618208884,3.7338015752766758,False,False,False
1.7000000000000002,S1,1001,BASELINE_UTILITARIAN,34,12.254000604252129,-1.5190559019804937,7.506224539725734,1.0246319888888422,-0.0,25.11259492856995,-3.081219812871863,0.25,False,12.953138773357983,42.918517867297474,1.713057510638718,0.031323417616579245,3.8600682718570116,3.8600682718570116,3.8287448542404325,False,False,False
1.75,S1,1001,BASELINE_UTILITARIAN,35,12.629687943405548,-1.519707627477743,7.517816677735477,0.23184276019486916,-0.0,25.11259492856995,-3.068719812871863,0.25,False,12.578648796701723,42.31853613090086,1.6604431206913275,0.05327966782816786,3.9749897471587423,3.9749897471587423,3.9217100793305746,False,False,False
1.8,S1,1001,BASELINE_UTILITARIAN,36,13.006863549793836,-1.5203626950077762,7.559488179909102,0.8334300434724895,-0.0,25.11259492856995,-3.0562198128718627,0.25,False,12.202769738939535,41.717088353004385,1.6013956356132142,0.08939319702599244,4.097430425196664,4.097430425196664,4.0080372281706715,False,False,False
1.85,S1,1001,BASELINE_UTILITARIAN,37,13.38481761162622,-1.5210185866288555,7.557634065286216,-0.03708229245772188,-0.0,25.11259492856995,-3.0437198128718626,0.25,False,11.826215786134712,41.114884418150794,1.5517789318236312,0.14777973496230706,4.227895119131936,4.227895119131936,4.080115384169629,False,False,False
1.9000000000000001,S1,1001,BASELINE_UTILITARIAN,38,13.763527247684925,-1.521675866957878,7.5842747096912575,0.5328128881008354,-0.0,25.11259492856995,-3.0312198128718624,0.25,False,11.449020051950061,40.51194824489894,1.496394594776885,0.24067870495905755,4.367185992611107,4.367185992611107,4.12650728765205,False,False,False
1.9500000000000002,S1,1001,BASELINE_UTILITARIAN,39,14.142275066157994,-1.5223341130268864,7.567894410001331,-0.3276059937985387,-0.0,25.11259492856995,-3.018719812871862,0.25,False,11.071905348508487,39.908997383629156,1.4495868028911927,0.38579056832467196,4.515934559243281,4.515934559243281,4.130143990918609,False,False,False
2.0,S1,1001,BASELINE_UTILITARIAN,40,14.521106829480976,-1.522992195602086,7.582188769336946,0.2858871867123014,-0.0,25.11259492856995,-3.006219812871862,0.25,False,10.694839144081373,39.30598715801427,1.3968905841439754,0.6086644206855041,4.675152129583032,4.675152129583032,4.066487708897528,False,False,False
2.0500000000000003,S1,1001,BASELINE_UTILITARIAN,41,14.899253436147719,-1.5231005301330356,7.544974631168584,-0.7442827633672344,-0.009549296461045742,25.11259492856995,-2.993719812871862,0.25,True,10.318675569839225,38.703658040270035,1.3536614755774687,0.94426515943211,4.845583104303283,4.845583104303283,3.901317944871173,False,False,False
2.1,S1,1001,BASELINE_UTILITARIAN,42,15.275419201418508,-1.521955105250143,7.505227909671448,-0.7949344299427175,-0.019098592922091484,25.11259492856995,-2.9812198128718617,0.25,True,9.94482175676205,38.10326628250423,1.3107097939657477,1.4383801887096554,5.027742198194971,5.027742198194971,3.589362009485315,False,False,False
2.15,S1,1001,BASELINE_UTILITARIAN,43,15.647484135589544,-1.5191579625278848,7.39673068951478,-2.169944403133357,-0.0286478903144598,25.11259492856995,-2.9687198128718615,0.25,True,9.57546614433819,37.50690527691604,1.2796343668963985,2.1469949377611552,5.221677905421257,5.221677905421257,3.0746829676601015,False,False,False
2.2,S1,1001,BASELINE_UTILITARIAN,44,16.014641542882913,-1.5141823862776818,7.3084469582060185,-1.7656746261752332,-0.03819718584418297,25.11259492856995,-2.9562198128718613,0.25,True,9.211526895571255,36.91534851890673,1.2448545412882472,3.1390509274432596,5.4279817631579785,5.4279817631579785,2.288930835714719,False,False,False
2.25,S1,1001,BASELINE_UTILITARIAN,45,16.37564168208336,-1.506794489937107,7.163765093597238,-2.893637292175608,-0.047746483236551285,25.11259492856995,-2.943719812871861,0.25,True,8.854326988257423,36.32982652726883,1.219603537013717,4.4925804293380045,5.646956574600172,5.646956574600172,1.1543761452621677,False,False,False
2.3000000000000003,S1,1001,BASELINE_UTILITARIAN,46,16.730319860712918,-1.4965056147446347,7.0534837143926,-2.2056275840927597,-0.0572957806289196,25.11259492856995,-2.931219812871861,0.25,True,8.504171925797683,35.750471674031346,1.1883879522898793,6.297187760468465,5.879467211654478,6.297187760468465,0.41772054881398724,False,False,False
2.35,S1,1001,BASELINE_UTILITARIAN,47,17.077834136547835,-1.4832163369265174,6.891880345591573,-3.2320673760205487,-0.06684507429599762,25.11259492856995,-2.9187198128718608,0.25,True,8.161988190047019,35.17811367852023,1.165829989657553,8.644560759573807,6.125958386091706,8.644560759573807,2.518602373482101,False,False,False
2.4000000000000004,S1,1001,BASELINE_UTILITARIAN,48,17.418352712238814,-1.46647509651973,6.772761905340416,-2.382368805023134,-0.07639437168836594,25.11259492856995,-2.9062198128718606,0.25,True,7.8277856467736875,34.61255402416817,1.1360567998506077,11.632575200223524,6.387502450403465,11.632575200223524,5.245072749820059,False,False,False
2.45,S1,1001,BASELINE_UTILITARIAN,49,17.751223967119074,-1.4463180061713956,6.604205478772075,-3.371128531366825,-0.08594366908073425,25.11259492856995,-2.8937198128718604,0.25,True,7.502316603698619,34.05444061374582,1.1146489892103695,15.348263694245714,6.664608099230331,15.348263694245714,8.683655595015384,False,False,False
2.5,S1,1001,BASELINE_UTILITARIAN,50,18.076773317515638,-1.4223244462217224,6.482897384773321,-2.426161879975073,-0.09549296647310257,25.11259492856995,-2.8812198128718602,0.25,True,7.1854826861813645,33.50342071310623,1.0852896773562497,19.8764437034913,6.958474772496025,19.8764437034913,12.917968930995276,False,False,False
2.5500000000000003,S1,1001,BASELINE_UTILITARIAN,51,18.394459274190837,-1.394663751669512,6.312473360998893,-3.4084804754885667,-0.10504226386547089,25.11259492856995,-2.86871981287186,0.25,True,6.8779493995090775,32.96004188695413,1.0642636047997562,25.27489478625969,7.2696085847285845,25.27489478625969,18.005286201531106,False,False,False
2.6,S1,1001,BASELINE_UTILITARIAN,52,18.704664962318756,-1.3629343890703183,6.1923331592150355,-2.4028040356771463,-0.1145915612578392,25.11259492856995,-2.85621981287186,0.25,True,6.579625202799791,32.4238972825555,1.034816732480765,31.590347324714358,7.599217046394037,31.590347324714358,23.99113027832032,False,False,False
2.6500000000000004,S1,1001,BASELINE_UTILITARIAN,53,19.006917228108662,-1.32744614790208,6.022738526057074,-3.3918926631592328,-0.12414085865020752,25.11259492856995,-2.8437198128718597,0.25,True,6.291135510302662,31.895477419863152,1.0137710070004506,38.827700866813686,7.9476908291226005,38.827700866813686,30.880010037691086,False,False,False
2.7,S1,1001,BASELINE_UTILITARIAN,54,19.301646488340957,-1.2878583354513609,5.905938812875733,-2.3359942636268194,-0.13369014859199524,25.11259492856995,-2.8312198128718595,0.25,True,6.012411032604588,31.374335254216955,0.9839161265200298,46.97664556392107,8.316131370402982,46.97664556392107,38.66051419351808,False,False,False
2.75,S1,1001,BASELINE_UTILITARIAN,55,19.588456328092654,-1.244652469144043,5.740312693972101,-3.3125223780726287,-0.14323945343494415,25.11259492856995,-2.8187198128718594,0.25,True,5.74402256958254,30.86089816716194,0.9623410596217504,55.97720351822114,8.704701173142128,55.97720351822114,47.27250234507901,False,False,False
2.8000000000000003,S1,1001,BASELINE_UTILITARIAN,56,19.867782756243344,-1.1974052003386646,5.627273339399007,-2.260787091461882,-0.15278874337673187,25.11259492856995,-2.806219812871859,0.25,True,5.486013049609496,30.354713002668838,0.932034371887603,65.7535926824428,9.114086960394506,65.7535926824428,56.6395057220483,False,False,False
2.85,S1,1001,BASELINE_UTILITARIAN,57,20.139298653224706,-1.1463134860268696,5.4658025576256595,-3.2294156354669568,-0.1623380482196808,25.11259492856995,-2.793719812871859,0.25,True,5.239047952452028,29.856126052803624,0.9098931443117552,76.1774269949773,9.543718716412691,76.1774269949773,66.6337082785646,False,False,False
2.9000000000000004,S1,1001,BASELINE_UTILITARIAN,58,20.403245975163017,-1.0908218720934002,5.359506152547179,-2.1259281015696097,-0.1718873381614685,25.11259492856995,-2.781219812871859,0.25,True,5.003540023137922,29.364876524885467,0.8786908381789527,87.10174254054834,9.992924962883174,87.10174254054834,77.10881757766516,False,False,False
2.95,S1,1001,BASELINE_UTILITARIAN,59,20.659250503735414,-1.0315382055318878,5.198284406929436,-3.224434912354859,-0.18143662810325623,25.11259492856995,-2.7687198128718586,0.25,True,4.780175363214736,28.88138571435389,0.8566950317104858,98.34527095715016,10.459867306285242,98.34527095715016,87.88540365086492,False,False,False
3.0,S1,1001,BASELINE_UTILITARIAN,60,20.90773815994058,-0.9680942395935688,5.09876517244124,-1.9903846897639177,-0.19098593294620514,25.11259492856995,-2.7562198128718585,0.25,True,4.569268378033847,28.405225663578424,0.824681393714025,109.73105351153063,10.942670874919141,109.73105351153063,98.78838263661149,False,False,False
3.0500000000000003,S1,1001,BASELINE_UTILITARIAN,61,21.148745615803335,-0.9007390080832778,4.989491238954801,-2.1854786697287842,-0.20053522288799286,25.11259492856995,-2.7437198128718583,0.25,True,4.37134757496353,27.936393217099713,0.7944395776906832,121.06648314655537,11.438120429125828,121.06648314655537,109.62836271742954,False,False,False
3.1,S1,1001,BASELINE_UTILITARIAN,62,21.384208654273046,-0.82627141365775,4.921188419406779,-1.3660563909604306,-0.21008452773094177,25.11259492856995,-2.731219812871858,0.25,True,4.186847574731369,27.472823399541667,0.757619086396684,132.1663481699524,11.942159132269827,132.1663481699524,120.22418903768259,False,False,False
3.1500000000000004,S1,1001,BASELINE_UTILITARIAN,63,21.61372571749146,-0.7466655782574776,4.836714635814756,-1.6894756718404658,-0.2196338176727295,25.11259492856995,-2.718719812871858,0.25,True,4.016352033934966,27.015054593962773,0.7233979001304259,142.84524479332583,12.44910794112168,142.84524479332583,130.39613685220417,False,False,False
3.2,S1,1001,BASELINE_UTILITARIAN,64,21.836942659305752,-0.6630335008455575,4.744320414381804,-1.8478844286590501,-0.2291831225156784,25.11259492856995,-2.7062198128718578,0.25,True,3.8606357112252034,26.563530155874616,999.0,152.91847358572537,12.951234910514803,152.91847358572537,139.96723867521055,False,False,False
3.25,S1,1001,BASELINE_UTILITARIAN,65,22.053653259330794,-0.5758324493335465,4.6490082230653025,-1.906243826330023,-0.23873241245746613,25.11259492856995,-2.6937198128718576,0.25,True,3.7205605787895593,26.11851314045787,999.0,162.2115635600255,13.438835073683148,162.2115635600255,148.77272848634234,False,False,False
3.3000000000000003,S1,1001,BASELINE_UTILITARIAN,66,22.263731619072935,-0.4853727069918108,4.551909538477614,-1.9419736917537733,-0.24828171730041504,25.11259492856995,-2.6812198128718574,0.25,True,3.5969107117914487,25.68018018413513,999.0,170.57384979272922,13.900817675592897,170.57384979272922,156.67303211713633,False,False,False
3.35,S1,1001,BASELINE_UTILITARIAN,67,22.46710995119482,-0.3918453085125293,4.456372435123185,-1.9107420670885844,-0.25783100724220276,25.11259492856995,-2.6687198128718572,0.25,True,3.490379388278447,25.248646068044962,999.0,177.88082541470723,14.325090323393583,177.88082541470723,163.55573509131364,False,False,False
3.4000000000000004,S1,1001,BASELINE_UTILITARIAN,68,22.663759038947568,-0.29545798516508626,4.35979126408746,-1.9316234207144944,-0.2673802971839905,25.11259492856995,-2.656219812871857,0.25,True,3.401469332723737,24.823989031450285,999.0,184.04047956869687,14.699529852871654,184.04047956869687,169.34094971582522,False,False,False
3.45,S1,1001,BASELINE_UTILITARIAN,69,22.853693651827186,-0.19634535848749124,4.267405065777498,-1.8477239661992328,-0.2769295871257782,25.11259492856995,-2.643719812871857,0.25,True,3.3305069731263535,24.4062422402995,999.0,188.9902752718418,15.012729414304424,188.9902752718418,173.97754585753736,False,False,False
3.5,S1,1001,BASELINE_UTILITARIAN,70,23.036957430211377,-0.09472957932487702,4.173856826073887,-1.8709647940722185,-0.2864789068698883,25.11259492856995,-2.6312198128718567,0.25,True,3.277507243237069,23.995413928551226,999.0,192.70343323443112,15.255496415201483,192.70343323443112,177.44793681922962,False,False,False
3.5500000000000003,S1,1001,BASELINE_UTILITARIAN,71,23.213575984299588,0.009279324387080123,4.085686921649572,-1.763398088486312,-0.296028196811676,25.11259492856995,-2.6187198128718565,0.25,True,3.2423220716226573,23.59152823854102,999.0,195.17506189712017,15.421046674421497,195.17506189712017,179.75401522269868,False,True,False
3.6,S1,1001,BASELINE_UTILITARIAN,72,23.383639093316333,0.11544507689185934,3.9962191202068276,-1.7893560288548827,-0.30557748675346375,25.11259492856995,-2.6062198128718563,0.25,True,3.2243988668324017,23.194548997403192,999.0,196.43587466355498,15.506766397396488,196.43587466355498,180.9291082661585,False,True,False
3.6500000000000004,S1,1001,BASELINE_UTILITARIAN,73,23.547191258699755,0.22366527114841972,3.912027744707942,-1.683827509977709,-0.31512677669525146,25.11259492856995,-2.593719812871856,0.25,True,3.2230649018136472,22.804483054318148,999.0,196.529757329111,15.513184351908196,196.529757329111,181.0165729772028,False,True,False
3.7,S1,1001,BASELINE_UTILITARIAN,74,23.704311371919527,0.3336809445660549,3.8260970635598888,-1.7186136229610671,-0.3246760964393616,25.11259492856995,-2.581219812871856,0.25,True,3.2372687564742098,22.421305505824872,999.0,195.53042378969246,15.445118635888683,195.53042378969246,180.08530515380377,False,True,False
3.75,S1,1001,BASELINE_UTILITARIAN,75,23.855047512693048,0.4453993180472793,3.745609152246387,-1.609758226270035,-0.3342253863811493,25.11259492856995,-2.568719812871856,0.25,True,3.2659362575762865,22.04502010437019,999.0,193.51571625341845,15.309545580998556,193.51571625341845,178.2061706724199,False,True,False
3.8000000000000003,S1,1001,BASELINE_UTILITARIAN,76,23.99948276243756,0.5585462689590202,3.662529716638441,-1.6615887121589168,-0.343774676322937,25.11259492856995,-2.5562198128718556,0.25,True,3.307685964373887,21.675596305095524,999.0,190.58755316568016,15.116308059028364,190.58755316568016,175.4712451066518,False,True,False
3.85,S1,1001,BASELINE_UTILITARIAN,77,24.137672463294624,0.6730439838625699,3.5861357918200514,-1.527878496367796,-0.35332396626472473,25.11259492856995,-2.5437198128718554,0.25,True,3.3612561844167423,21.313030034515425,999.0,186.84214038914578,14.875391001675817,186.84214038914578,171.96674938746997,False,True,False
3.9000000000000004,S1,1001,BASELINE_UTILITARIAN,78,24.26974176320926,0.7886146083354646,3.5058943247766807,-1.604829340867413,-0.36287325620651245,25.11259492856995,-2.5312198128718553,0.25,True,3.425157228886212,20.957245672147046,999.0,182.3945011341675,14.59787001260054,182.3945011341675,167.79663112156697,False,True,False
3.95,S1,1001,BASELINE_UTILITARIAN,79,24.395737871447807,0.9052006384909532,3.433844739403102,-1.440991707471575,-0.37242257595062256,25.11259492856995,-2.518719812871855,0.25,True,3.498158843964396,20.608246053934792,999.0,177.3443664794562,14.293233163573547,177.3443664794562,163.05113331588265,False,True,False
4.0,S1,1001,BASELINE_UTILITARIAN,80,24.515808923038723,1.0225204942951365,3.3566551173153525,-1.5437924417549898,-0.3819718658924103,25.11259492856995,-2.506219812871855,0.25,True,3.578849213339801,20.26592832218108,999.0,171.80646091796183,13.970971398747404,171.80646091796183,157.83548951921443,False,True,False
4.05,S1,1001,BASELINE_UTILITARIAN,81,24.630012979714635,1.1405407887715597,3.288629843077784,-1.3605054847513731,-0.391521155834198,25.11259492856995,-2.4937198128718547,0.25,True,3.6661608609032075,19.930282872814747,999.0,165.8735297544794,13.638244991705529,165.8735297544794,152.23528476277386,False,True,False
4.1000000000000005,S1,1001,BASELINE_UTILITARIAN,82,24.738502201771624,1.2589714555324747,3.214477303596645,-1.483050789622773,-0.4010704457759857,25.11259492856995,-2.4812198128718546,0.25,True,3.7588530288495443,19.60119725094142,999.0,159.65097691301673,13.301930034573148,159.65097691301673,146.34904687844357,False,True,False
4.15,S1,1001,BASELINE_UTILITARIAN,83,24.841315289189545,1.3777905543882696,3.1497269787975157,-1.295006495982589,-0.4106197655200958,25.11259492856995,-2.4687198128718544,0.25,True,3.8560646581951885,19.278678716337723,999.0,153.2184319283616,12.966587552865944,153.2184319283616,140.25184437549566,False,True,False
4.2,S1,1001,BASELINE_UTILITARIAN,84,24.9386234111317,1.496710872925462,3.0784999695579476,-1.424540184791363,-0.42016905546188354,25.11259492856995,-2.456219812871854,0.25,True,3.956757143873984,18.962589245133234,999.0,146.66622501088574,12.636610785529783,146.66622501088574,134.02961422535594,False,True,False
4.25,S1,1001,BASELINE_UTILITARIAN,85,25.030468939960016,1.6157162853616995,3.0168220416099225,-1.2335585589605014,-0.42971834540367126,25.11259492856995,-2.443719812871854,0.25,True,4.060266754001123,18.65292898515433,999.0,140.05808918194595,12.31446183941691,140.05808918194595,127.74362734252904,False,True,False
4.3,S1,1001,BASELINE_UTILITARIAN,86,25.11703440310671,1.7345231984362073,2.9481523483995375,-1.3733938642076993,-0.439267635345459,25.11259492856995,-2.431219812871854,0.25,True,4.165745376903888,18.349540915905795,999.0,133.46689339404844,12.00265390131971,133.46689339404844,121.46423949272872,False,True,False
4.3500000000000005,S1,1001,BASELINE_UTILITARIAN,87,25.198369482409298,1.8531285452572632,2.8895485434117645,-1.1720760997554613,-0.4488169252872467,25.11259492856995,-2.4187198128718537,0.25,True,4.272709406095478,18.052414191787157,999.0,126.93922074562806,11.702176592835833,126.93922074562806,115.23704415279224,False,True,False
4.4,S1,1001,BASELINE_UTILITARIAN,88,25.274656458280106,1.9712587430968682,2.823365884007372,-1.3236531880878477,-0.4583662450313568,25.11259492856995,-2.4062198128718535,0.25,True,4.38047742231118,17.76138406161073,999.0,120.53025452293225,11.414280951508601,120.53025452293225,109.11597357142365,False,True,False
4.45,S1,1001,BASELINE_UTILITARIAN,89,25.3459447067225,2.088923119056261,2.7677881931352752,-1.111553817441937,-0.46791553497314453,25.11259492856995,-2.3937198128718533,0.25,True,4.488712485126323,17.476436059154842,999.0,114.27065871587257,11.139051602364521,114.27065871587257,103.13160711350805,False,True,False
4.5,S1,1001,BASELINE_UTILITARIAN,90,25.412450600599847,2.2058582328275094,2.704019798746228,-1.275367887780945,-0.47746482491493225,25.11259492856995,-2.381219812871853,0.25,True,4.596868327610177,17.19736314838445,999.0,108.19960184813878,10.876970240736487,108.19960184813878,97.3226316074023,False,True,False
4.55,S1,1001,BASELINE_UTILITARIAN,91,25.47419263709531,2.322087674488486,2.6513790897608596,-1.0528141797073687,-0.48701411485671997,25.11259492856995,-2.368719812871853,0.25,True,4.704723986195854,16.924177879799544,999.0,102.33407658230523,10.62761601885789,102.33407658230523,91.70646056344734,False,True,False
4.6000000000000005,S1,1001,BASELINE_UTILITARIAN,92,25.53140600973385,2.437358484778116,2.589942139513502,-1.2287390049471547,-0.4965634346008301,25.11259492856995,-2.356219812871853,0.25,True,4.811839109675888,16.656646121392736,999.0,96.69978467635852,10.391037368530775,96.69978467635852,86.30874730782774,False,True,False
4.65,S1,1001,BASELINE_UTILITARIAN,93,25.58436488731035,2.5516938849744406,2.5417304541189996,-0.9642337078900454,-0.5,25.11259492856995,-2.3437198128718526,0.25,True,4.918093346717916,16.394521445190147,999.0,91.30223402093321,10.166541477576354,91.30223402093321,81.13569254335685,False,True,False
4.7,S1,1001,BASELINE_UTILITARIAN,94,25.63357558907519,2.6648328196631894,2.4849457309376133,-1.1356944636277255,-0.5,25.11259492856995,-2.3312198128718524,0.25,True,5.023142717032913,16.13729084534974,999.0,86.15581384460485,9.953927813051303,86.15581384460485,76.20188603155354,False,True,False
4.75,S1,1001,BASELINE_UTILITARIAN,95,25.679201185468038,2.7768162788983233,2.440105786890327,-0.8967988809457239,-0.5,25.11259492856995,-2.3187198128718522,0.25,True,5.126941652963152,15.88481689333691,999.0,81.25772492222976,9.752402774293744,81.25772492222976,71.50532214793601,False,True,False
4.800000000000001,S1,1001,BASELINE_UTILITARIAN,96,25.721510344915174,2.887426472170773,2.3852884405122645,-1.0963469275612514,-0.5,25.11259492856995,-2.306219812871852,0.25,True,5.229219800161391,15.636820254765073,999.0,76.61408582573894,9.561655832186828,76.61408582573894,67.05242999355211,False,True,False
4.8500000000000005,S1,1001,BASELINE_UTILITARIAN,97,25.760531881856274,2.9967327959563903,2.3423894062284063,-0.8579806856771643,-0.5,25.11259492856995,-2.293719812871852,0.25,True,5.329982279678941,15.393297774242681,999.0,72.2167076203094,9.380894227477961,72.2167076203094,62.83581339283145,False,True,False
4.9,S1,1001,BASELINE_UTILITARIAN,98,25.796541397781937,3.1045457727819183,2.2895348309000236,-1.0570915065676534,-0.5,25.11259492856995,-2.2812198128718517,0.25,True,5.429019590714335,15.153961030722312,999.0,68.06578164397447,9.209765992651565,68.06578164397447,58.856015651322906,False,True,False
4.95,S1,1001,BASELINE_UTILITARIAN,99,25.829548304209073,3.2109479143321806,2.2485637579873945,-0.8194214582525827,-0.5,25.11259492856995,-2.2687198128718515,0.25,True,5.526371372193669,14.918826748533302,999.0,64.14993798191594,9.047528049160533,64.14993798191594,55.10240993275541,False,True,False
5.0,S1,1001,BASELINE_UTILITARIAN,100,25.859808682077002,3.3157676252632626,2.1976435885833507,-1.0184033880808752,-0.5,25.11259492856995,-2.2562198128718514,0.25,True,5.62186556261937,14.687623635285565,999.0,60.46587353162294,8.893844835503986,60.46587353162294,51.572028696118956,False,True,False
5.050000000000001,S1,1001,BASELINE_UTILITARIAN,101,25.887320278799557,3.419096192100241,2.158549154633388,-0.7818886789992519,-0.5,25.11259492856995,-2.243719812871851,0.25,True,5.715565105434148,14.460381027622761,999.0,57.00060003970064,8.748041370828204,57.00060003970064,48.25255866887244,False,True,False
5.1000000000000005,S1,1001,BASELINE_UTILITARIAN,102,25.912334908909962,3.5207802780398083,2.1094986729606284,-0.9810096334551943,-0.5,25.11259492856995,-2.231219812871851,0.25,True,5.807330633087975,14.236831228367693,999.0,53.748571739816434,8.609807699792206,53.748571739816434,45.13876404002423,False,True,False
5.15,S1,1001,BASELINE_UTILITARIAN,103,25.93486164280242,3.620916218835859,2.0722091834267413,-0.7457897906777422,-0.5,25.11259492856995,-2.218719812871851,0.25,True,5.897242705888374,14.016994127356309,999.0,50.69622259019567,8.478538614338392,50.69622259019567,42.21768397585728,False,True,False
5.2,S1,1001,BASELINE_UTILITARIAN,104,25.95513284503598,3.7193656996622053,2.024951715387377,-0.9451493607872852,-0.5,25.11259492856995,-2.2062198128718506,0.25,True,5.9851845257298795,13.80062136155614,999.0,47.83693036542581,8.353961316489672,47.83693036542581,39.482969048936134,False,True,False
5.25,S1,1001,BASELINE_UTILITARIAN,105,25.973142220112567,3.8162292084358285,1.9893914816331824,-0.7112046750838941,-0.5,25.11259492856995,-2.1937198128718505,0.25,True,6.071246073064282,13.587750259489571,999.0,45.15738228599444,8.235541666121923,45.15738228599444,36.92184061987251,False,True,False
5.300000000000001,S1,1001,BASELINE_UTILITARIAN,106,25.989133243840264,3.911382060016024,1.9438531813516917,-0.9107660056298128,-0.5,25.11259492856995,-2.1812198128718503,0.25,True,6.155332403668688,13.37812304819005,999.0,42.650447472333816,8.12303815959624,42.650447472333816,34.527409312737575,False,True,False
5.3500000000000005,S1,1001,BASELINE_UTILITARIAN,107,26.003061391255223,4.004927614827906,1.9099485641941265,-0.6780923431513042,-0.5,25.11259492856995,-2.16871981287185,0.25,True,6.237535818150549,13.17181717225885,999.0,40.30362102104555,8.015986033219312,40.30362102104555,32.28763498782624,False,True,False
5.4,S1,1001,BASELINE_UTILITARIAN,108,26.01517747116682,4.096753293237327,1.8660562489469257,-0.8778463049440166,-0.5,25.11259492856995,-2.15621981287185,0.25,True,6.317778716600105,12.968570148726057,999.0,38.10976287361282,7.914173991030088,38.10976287361282,30.195588882582733,False,True,False
5.45,S1,1001,BASELINE_UTILITARIAN,109,26.025436940966923,4.1869631707074575,1.8337366598533509,-0.6463917818714959,-0.5,25.11259492856995,-2.1437198128718498,0.25,True,6.396157250895068,12.768462687670176,999.0,36.05730217700879,7.817193674061575,36.05730217700879,28.24010850294722,False,True,False
5.5,S1,1001,BASELINE_UTILITARIAN,110,26.03407885419973,4.275457136807688,1.7914218877693162,-0.8462954416806934,-0.5,25.11259492856995,-2.1312198128718496,0.25,True,6.472607060740608,12.571247611779363,999.0,34.1394304459167,7.724862567862864,34.1394304459167,26.414567878053838,False,True,False
5.550000000000001,S1,1001,BASELINE_UTILITARIAN,111,26.04104341705265,4.3623387714169155,1.7606207450725722,-0.6160228539348811,-0.5,25.11259492856995,-2.1187198128718494,0.25,True,6.547223607663701,12.377023903379497,999.0,32.34570031461438,7.636824858322183,32.34570031461438,24.7088754562922,False,True,False
5.6000000000000005,S1,1001,BASELINE_UTILITARIAN,112,26.046573234882707,4.44751866460517,1.7198168545024972,-0.8160778114014988,-0.5,25.11259492856995,-2.1062198128718492,0.25,True,6.619954947567668,12.185545834556416,999.0,30.66976770392405,7.552921492067135,30.66976770392405,23.116846211856917,False,True,False
5.65,S1,1001,BASELINE_UTILITARIAN,113,26.05059707914985,4.53109987559688,1.69047109023378,-0.5869152853743431,-0.5,25.11259492856995,-2.093719812871849,0.25,True,6.690895600681229,11.996927630637373,999.0,29.102304983122973,7.47284115371779,29.102304983122973,21.629463829405182,False,True,False
5.7,S1,1001,BASELINE_UTILITARIAN,114,26.053345891108034,4.613001769302329,1.6511167930771606,-0.7870859431323884,-0.5,25.11259492856995,-2.081219812871849,0.25,True,6.760001106861069,11.810940193787488,999.0,27.637589030718733,7.396448493070874,27.637589030718733,20.24114053764786,False,True,False
5.75,S1,1001,BASELINE_UTILITARIAN,115,26.054748462802195,4.693326570734882,1.6231649455300166,-0.5590369509428816,-0.5,25.11259492856995,-2.0687198128718487,0.25,True,6.8273658592545905,11.627702637835169,999.0,26.267337142198688,7.323468674558328,26.267337142198688,18.94386846764036,False,True,False
5.800000000000001,S1,1001,BASELINE_UTILITARIAN,116,26.05502790256379,4.772001798709837,1.5852011606865033,-0.7592756968702652,-0.5,25.11259492856995,-2.0562198128718485,0.25,True,6.892952218559335,11.446999900345078,999.0,24.986450403342808,7.253785956237235,24.986450403342808,17.732664447105574,False,True,False
5.8500000000000005,S1,1001,BASELINE_UTILITARIAN,117,26.05410159711742,4.849127965855999,1.5585864645345426,-0.5322939230392132,-0.5,25.11259492856995,-2.0437198128718483,0.25,True,6.956851680726905,11.268967018606622,999.0,23.787668212405936,7.187159119479117,23.787668212405936,16.60050909292682,False,True,False
5.9,S1,1001,BASELINE_UTILITARIAN,118,26.052188650111898,4.924640243131449,1.5219569752791429,-0.7325897851079954,-0.5,25.11259492856995,-2.031219812871848,0.25,True,7.019033087275144,11.093400382278965,999.0,22.666482567859962,7.123488289383529,22.666482567859962,15.542994278476433,False,True,False
5.95,S1,1001,BASELINE_UTILITARIAN,119,26.049206510026806,4.9986366405317995,1.49662461634562,-0.5066471786704563,-0.5,25.11259492856995,-2.018719812871848,0.25,True,7.079585641027653,10.920440591094517,999.0,21.61654745631374,7.062560230960373,21.61654745631374,14.553987225353367,False,True,False
6.0,S1,1001,BASELINE_UTILITARIAN,120,26.045362654637145,5.071059554606265,1.461276400501354,-0.706964316885319,-0.5,25.11259492856995,-2.006219812871848,0.25,True,7.138482953409916,10.74990364254645,999.0,20.633924677292097,7.004289332387628,20.633924677292097,13.629635344904468,False,True,False
6.050000000000001,S1,1001,BASELINE_UTILITARIAN,121,26.04056316533144,5.142003733716777,1.437174713781203,-0.48203373440302233,-0.5,25.11259492856995,-1.9937198128718479,0.25,True,7.195809584874906,10.58194630379442,999.0,19.713122111916654,6.948488479336159,19.713122111916654,12.764633632580495,False,True,False
6.1000000000000005,S1,1001,BASELINE_UTILITARIAN,122,26.03502679140258,5.211418709169031,1.4030565466532696,-0.6823633425586673,-0.5,25.11259492856995,-1.981219812871848,0.25,True,7.251546693658896,10.416384616053815,999.0,18.850664872478333,6.895080747907536,18.850664872478333,11.955584124570798,False,True,False
6.15,S1,1001,BASELINE_UTILITARIAN,123,26.02863680947985,5.279395566209821,1.380136467220203,-0.4584015886613324,-0.5,25.11259492856995,-1.968719812871848,0.25,True,7.305772325775089,10.25340197752077,999.0,18.041844424926822,6.843903391787585,18.041844424926822,11.197941033139237,False,True,False
6.2,S1,1001,BASELINE_UTILITARIAN,124,26.02161944889308,5.345889983000937,1.3472020445236237,-0.6586884539315863,-0.5,25.11259492856995,-1.956219812871848,0.25,True,7.35847355431342,10.092819076455495,999.0,17.28361764942282,6.794887503630531,17.28361764942282,10.488730145792289,False,True,False
6.25,S1,1001,BASELINE_UTILITARIAN,125,26.013842820347765,5.410989093187631,1.325415137486177,-0.4357381407489358,-0.5,25.11259492856995,-1.943719812871848,0.25,True,7.40972272458994,9.934838937046923,999.0,16.571948893434726,6.747890826477186,16.571948893434726,9.82405806695754,False,True,False
6.300000000000001,S1,1001,BASELINE_UTILITARIAN,126,26.00554064203282,5.474654364268758,1.2936181457430946,-0.6359398348616452,-0.5,25.11259492856995,-1.931219812871848,0.25,True,7.459512341623262,9.779288416055449,999.0,15.904177337141643,6.702851032366483,15.904177337141643,9.201326304775161,False,True,False
6.3500000000000005,S1,1001,BASELINE_UTILITARIAN,127,25.99657347551004,5.536969583599195,1.2729217888515882,-0.4139271378301279,-0.5,25.11259492856995,-1.9187198128718481,0.25,True,7.507910657972767,9.626384021469635,999.0,15.276832466289395,6.659642379588551,15.276832466289395,8.617190086700845,False,True,False
6.4,S1,1001,BASELINE_UTILITARIAN,128,25.987159661313203,5.5979008475329195,1.242219185806236,-0.6140520609070466,-0.5,25.11259492856995,-1.9062198128718482,0.25,True,7.55491167107015,9.475979438961755,999.0,14.687633957751856,6.618211062806181,14.687633957751856,8.069422894945674,False,True,False
6.45,S1,1001,BASELINE_UTILITARIAN,129,25.97716367599501,5.657527926058805,1.22257042294109,-0.3929752573029166,-0.5,25.11259492856995,-1.8937198128718482,0.25,True,7.600580341903467,9.328294529432752,999.0,14.133589245338632,6.578445033248362,14.133589245338632,7.55514421209027,False,True,False
6.5,S1,1001,BASELINE_UTILITARIAN,130,25.966796110241877,5.715821702798333,1.1929222514035687,-0.5929634307504283,-0.5,25.11259492856995,-1.8812198128718483,0.25,True,7.6449133055637715,9.183204346769928,999.0,13.6127303121783,6.540296534639744,13.6127303121783,7.072433777538556,False,True,False
6.550000000000001,S1,1001,BASELINE_UTILITARIAN,131,25.955921528092706,5.772858402343353,1.1742808194274474,-0.3728286395224245,-0.5,25.11259492856995,-1.8687198128718483,0.25,True,7.687972253638416,9.040936031888087,999.0,13.122477949399947,6.503665511583624,13.122477949399947,6.618812437816323,False,True,False
6.6000000000000005,S1,1001,BASELINE_UTILITARIAN,132,25.94473898184633,5.828612588509454,1.1456487782793956,-0.5726408229610369,-0.5,25.11259492856995,-1.8562198128718483,0.25,True,7.729755026048572,8.901389459259747,999.0,12.661146848962822,6.468510299680203,12.661146848962822,6.19263654928262,False,True,False
6.65,S1,1001,BASELINE_UTILITARIAN,133,25.933116947591834,5.883156587695492,1.12797797631388,-0.3534160393103125,-0.5,25.11259492856995,-1.8437198128718484,0.25,True,7.7703201538510775,8.764795833807998,999.0,12.226512496433077,6.434741298943688,12.226512496433077,5.791771197489389,False,True,False
6.7,S1,1001,BASELINE_UTILITARIAN,134,25.92126961598266,5.936470032565561,1.1003267411178996,-0.5530247039196068,-0.5,25.11259492856995,-1.8312198128718484,0.25,True,7.809670946011329,8.631060622923355,999.0,11.817086256474418,6.402318400564205,11.817086256474418,5.414767855910213,False,True,False
6.75,S1,1001,BASELINE_UTILITARIAN,135,25.909042688490953,5.988620364880033,1.0835911720613354,-0.3347113811312852,-0.5,25.11259492856995,-1.8187198128718485,0.25,True,7.847858923644204,8.500440007999943,999.0,11.430990957126665,6.371164477658854,11.430990957126665,5.059826479467811,False,True,False
6.800000000000001,S1,1001,BASELINE_UTILITARIAN,136,25.89663500715457,6.03959066932466,1.0568867891619333,-0.5340876579880405,-0.5,25.11259492856995,-1.8062198128718485,0.25,True,7.884888139179375,8.372868789551966,999.0,11.0669490195165,6.341244050318738,11.0669490195165,4.7257049691977615,False,True,False
6.8500000000000005,S1,1001,BASELINE_UTILITARIAN,137,25.883892372510935,6.089444373019066,1.0410536302586664,-0.3166631780653395,-0.5,25.11259492856995,-1.7937198128718486,0.25,True,7.92080660846754,8.24860898257113,999.0,10.723346740766107,6.312488420882382,10.723346740766107,4.410858319883725,False,True,False
6.9,S1,1001,BASELINE_UTILITARIAN,138,25.87102497990437,6.138168380906162,1.0152655896541847,-0.515760812089634,-0.5,25.11259492856995,-1.7812198128718486,0.25,True,7.955622257656384,8.127605196326366,999.0,10.39905639507316,6.284863506670477,10.39905639507316,4.114192888402683,False,True,False
6.95,S1,1001,BASELINE_UTILITARIAN,139,25.857878715773282,6.185822638950247,1.0003003928575742,-0.29930393593220916,-0.5,25.11259492856995,-1.7687198128718487,0.25,True,7.989380047369635,8.01012557127047,999.0,10.092688906446147,6.2583078666362395,10.092688906446147,3.834381039809908,False,True,False
7.0,S1,1001,BASELINE_UTILITARIAN,140,25.84464463240177,6.232396636319555,0.9754042697070137,-0.4979224630112111,-0.5,25.11259492856995,-1.7562198128718487,0.25,True,8.022087604930011,7.896146567439619,999.0,9.803280444149692,6.232791570273088,9.803280444149692,3.570488873876604,False,True,False
7.050000000000001,S1,1001,BASELINE_UTILITARIAN,141,25.83114966870246,6.277944979129627,0.9616894113718863,-0.2742971667025462,-0.5,25.11259492856995,-1.7437198128718487,0.25,True,8.053783393524,7.785951898280108,999.0,9.529663762599803,6.208262323047415,9.529663762599803,3.321401439552388,False,True,False
7.1000000000000005,S1,1001,BASELINE_UTILITARIAN,142,25.8176078720839,6.3224531050735635,0.9368184854740655,-0.4974185179564161,-0.5,25.11259492856995,-1.7312198128718488,0.25,True,8.084472197971218,7.679514052561846,999.0,9.271032750218408,6.184695645628839,9.271032750218408,3.0863371045895693,False,True,False
7.15,S1,1001,BASELINE_UTILITARIAN,143,25.8038579510369,6.365962571025987,0.9236562321772808,-0.2632450659356955,-0.5,25.11259492856995,-1.7187198128718488,0.25,True,8.114181031671535,7.577103367284084,999.0,9.026449075068696,6.162051327772745,9.026449075068696,2.8643977472959508,False,True,False
7.2,S1,1001,BASELINE_UTILITARIAN,144,25.790121361947378,6.408467841240135,0.8993859592152267,-0.4854054592410817,-0.5,25.11259492856995,-1.7062198128718489,0.25,True,8.142923172406983,7.478710073043228,999.0,8.79514569603416,6.140301086154102,8.79514569603416,2.654844609880058,False,True,False
7.25,S1,1001,BASELINE_UTILITARIAN,145,25.776213893859097,6.450011457222853,0.8868859198197887,-0.25000078790875957,-0.5,25.11259492856995,-1.693719812871849,0.25,True,8.170725128812602,7.3846219431567794,999.0,8.576300533166862,6.119407911995954,8.576300533166862,2.4568926211709075,False,True,False
7.300000000000001,S1,1001,BASELINE_UTILITARIAN,146,25.76236449679572,6.4905934789083055,0.8633208905704112,-0.4713005849875507,-0.5,25.11259492856995,-1.681219812871849,0.25,True,8.197605319086001,7.294843696891232,999.0,8.369206697455862,6.099342192480034,8.369206697455862,2.2698645049758284,False,True,False
7.3500000000000005,S1,1001,BASELINE_UTILITARIAN,147,25.748362341137877,6.53025270548201,0.8515150978941788,-0.2361158535246477,-0.5,25.11259492856995,-1.668719812871849,0.25,True,8.223585018688938,7.209673215819754,999.0,8.173180501556335,6.080073336187306,8.173180501556335,2.0931071653690285,False,True,False
7.4,S1,1001,BASELINE_UTILITARIAN,148,25.734447718636652,6.568993486379014,0.8286611125991353,-0.4570797059008691,-0.5,25.11259492856995,-1.656219812871849,0.25,True,8.248686847655632,7.129124301576026,999.0,7.987571584007108,6.061570880728798,7.987571584007108,1.9260007032783104,False,True,False
7.45,S1,1001,BASELINE_UTILITARIAN,149,25.720425153802108,6.606850945313788,0.8175404681796796,-0.2224128883891141,-0.5,25.11259492856995,-1.643719812871849,0.25,True,8.272930280047916,7.053476239641789,999.0,7.811793040253908,6.0438077328642015,7.811793040253908,1.767985307389707,False,True,False
7.5,S1,1001,BASELINE_UTILITARIAN,150,25.706504350695695,6.643831896570099,0.7953811305746341,-0.4431867521009103,-0.5,25.11259492856995,-1.6312198128718491,0.25,True,8.296337095105757,6.982770492273271,999.0,7.645277975646376,6.0267560764251495,7.645277975646376,1.6185218992212267,False,True,False
7.550000000000001,S1,1001,BASELINE_UTILITARIAN,151,25.692493750288737,6.679967386909908,0.7849220413309548,-0.20918178487358663,-0.5,25.11259492856995,-1.6187198128718492,0.25,True,8.318923721446927,6.917267668325644,999.0,7.487531429055889,6.010392891462094,7.487531429055889,1.4771385375937953,False,True,False
7.6000000000000005,S1,1001,BASELINE_UTILITARIAN,152,25.67861061093263,6.715267368354596,0.7634320137179197,-0.4298005522607018,-0.5,25.11259492856995,-1.6062198128718492,0.25,True,8.340714757141413,6.857012465588367,999.0,7.338032716916954,5.9946900782321375,7.338032716916954,1.3433426386848168,False,True,False
7.65,S1,1001,BASELINE_UTILITARIAN,153,25.664659657105926,6.749758860854001,0.7536106780928832,-0.19642671250073018,-0.5,25.11259492856995,-1.5937198128718493,0.25,True,8.361723018816852,6.802245112901798,999.0,7.196371502170406,5.979628826197927,7.196371502170406,1.2167426759724789,False,True,False
7.7,S1,1001,BASELINE_UTILITARIAN,154,25.65086571247764,6.783454507268331,0.7327650872471755,-0.4169118169141539,-0.5,25.11259492856995,-1.5812198128718493,0.25,True,8.38197541864811,6.753009774730331,999.0,7.062068857491631,5.965180939180596,7.062068857491631,1.096887918311035,False,True,False
7.75,S1,1001,BASELINE_UTILITARIAN,155,25.637018348835742,6.816376839667342,0.7235551831925016,-0.18419808109347846,-0.5,25.11259492856995,-1.5687198128718494,0.25,True,8.401479976536708,6.709523256848515,999.0,6.934796582771154,5.951332400914821,6.934796582771154,0.9834641818563332,False,True,False
7.800000000000001,S1,1001,BASELINE_UTILITARIAN,156,25.623346137219503,6.848541276406763,0.7033282388920414,-0.4045388860092025,-0.5,25.11259492856995,-1.5562198128718494,0.25,True,8.42026577757429,6.67182583037819,999.0,6.814111019670936,5.938054845390403,6.814111019670936,0.8760561742805324,False,True,False
7.8500000000000005,S1,1001,BASELINE_UTILITARIAN,157,25.609634929983407,6.87996644191724,0.6947054776565429,-0.17245522470997088,-0.5,25.11259492856995,-1.5437198128718495,0.25,True,8.438337447751644,6.640099049782803,999.0,6.699747795690286,5.925337817975301,6.699747795690286,0.7744099777149849,False,True,False
7.9,S1,1001,BASELINE_UTILITARIAN,158,25.596109424345816,6.910670103498376,0.675072911477863,-0.39265132357359844,-0.5,25.11259492856995,-1.5312198128718495,0.25,True,8.455725375610225,6.614376439494667,999.0,6.591297947650484,5.913153251667856,6.591297947650484,0.6781446959826285,False,True,False
7.95,S1,1001,BASELINE_UTILITARIAN,159,25.58256319971805,6.940667021904133,0.6670126196257464,-0.16120583704233082,-0.5,25.11259492856995,-1.5187198128718495,0.25,True,8.472431516174511,6.594794823937765,999.0,6.488549081694996,5.9014935564301965,6.488549081694996,0.5870555252647991,False,True,False
8.0,S1,1001,BASELINE_UTILITARIAN,160,25.56920944507318,6.969977423104879,0.6479514105247809,-0.38122418201931074,-0.5,25.11259492856995,-1.5062198128718496,0.25,True,8.48848728572182,6.581378177694778,999.0,6.39112315888636,5.890331023302963,6.39112315888636,0.5007921355833975,False,True,False
8.05,S1,1001,BASELINE_UTILITARIAN,161,25.555853277474945,6.998612417453721,0.6404310582760007,-0.15040704497560453,-0.5,25.11259492856995,-1.4937198128718496,0.25,True,8.503892324935709,6.57421410194333,999.0,6.298851651578243,5.879660523615344,6.298851651578243,0.4191911279628986,False,True,False
8.1,S1,1001,BASELINE_UTILITARIAN,162,25.54270020736135,7.026594128243055,0.6219181849705679,-0.3702574661086544,-0.5,25.11259492856995,-1.4812198128718497,0.25,True,8.51867880645076,6.573311485117591,999.0,6.211384310212848,5.86945477532708,6.211384310212848,0.34192953488576805,False,True,False
8.15,S1,1001,BASELINE_UTILITARIAN,163,25.52956305826797,7.05393063636037,0.6149144193648582,-0.140075312114194,-0.5,25.11259492856995,-1.4687198128718497,0.25,True,8.532844373418632,6.578708466767271,999.0,6.12858964268024,5.859710761368053,6.12858964268024,0.2688788813121876,False,True,False
8.200000000000001,S1,1001,BASELINE_UTILITARIAN,164,25.51663584709109,7.080645927903781,0.5969281611386248,-0.35972516452466907,-0.5,25.11259492856995,-1.4562198128718498,0.25,True,8.546421809147269,6.590396474759813,999.0,6.050141888974451,5.8504016202997144,6.050141888974451,0.19974026867473693,False,True,False
8.25,S1,1001,BASELINE_UTILITARIAN,165,25.503720052330575,7.106743928329529,0.5904211197405841,-0.13014082796081405,-0.5,25.11259492856995,-1.4437198128718498,0.25,True,8.559404713648972,6.6083631224085435,999.0,5.975954073858432,5.841527731510248,5.975954073858432,0.13442634234818396,False,True,False
8.3,S1,1001,BASELINE_UTILITARIAN,166,25.49103251034551,7.132251690985818,0.572940799444426,-0.34960640592316183,-0.5,25.11259492856995,-1.4312198128718499,0.25,True,8.571829396382224,6.632580401699387,999.0,5.905704536848155,5.833060562439881,5.905704536848155,0.0726439744082743,False,True,False
8.35,S1,1001,BASELINE_UTILITARIAN,167,25.47836334283719,7.157169462589678,0.5669094710754864,-0.12062656737879207,-0.5,25.11259492856995,-1.41871981287185,0.25,True,8.583685886485572,6.66298667297723,999.0,5.839344347474951,5.825003461359366,5.839344347474951,0.014340886115584262,False,True,False
8.4,S1,1001,BASELINE_UTILITARIAN,168,25.465925525577,7.181526109154646,0.5499149765374844,-0.33988989076003895,-0.5,25.11259492856995,-1.40621981287185,0.25,True,8.595011491095521,6.699537224240083,999.0,5.776567686760389,5.817327882784133,5.817327882784133,0.04076019602374359,False,True,False
8.450000000000001,S1,1001,BASELINE_UTILITARIAN,169,25.453509262606197,7.205318540553492,0.5443402801132825,-0.11149392848403883,-0.5,25.11259492856995,-1.39371981287185,0.25,True,8.605793582629751,6.742122960378538,999.0,5.717355142430634,5.810039425175365,5.810039425175365,0.09268428274473095,False,True,False
8.5,S1,1001,BASELINE_UTILITARIAN,170,25.44133510089521,7.22857807529256,0.527812431156686,-0.3305569791319307,-0.5,25.11259492856995,-1.38121981287185,0.25,True,8.616071597656369,6.790687220925495,999.0,5.661407925530467,5.803108694407826,5.803108694407826,0.14170076887735927,False,True,False
8.55,S1,1001,BASELINE_UTILITARIAN,171,25.42919332535491,7.251298345986868,0.5226754487114871,-0.1027396489039778,-0.5,25.11259492856995,-1.36871981287185,0.25,True,8.625830255917448,6.845079029679033,999.0,5.6087335998072705,5.796543464984053,5.796543464984053,0.18780986517678233,False,True,False
8.6,S1,1001,BASELINE_UTILITARIAN,172,25.417289181759124,7.273512201499642,0.5065957391827572,-0.3215941905745967,-0.5,25.11259492856995,-1.3562198128718501,0.25,True,8.635109335022618,6.9052304661997175,999.0,5.55904796369855,5.790314639932586,5.790314639932586,0.23126667623403652,False,True,False
8.65,S1,1001,BASELINE_UTILITARIAN,173,25.405416839132137,7.295210508396494,0.50187785053806,-0.09435777289394487,-0.5,25.11259492856995,-1.3437198128718502,0.25,True,8.643891586955199,6.970954554211261,999.0,5.512379546990697,5.784431641352,5.784431641352,0.2720520943613023,False,True,False
8.700000000000001,S1,1001,BASELINE_UTILITARIAN,174,25.39379294856811,7.31642782792521,0.48622877001815246,-0.31298161039815087,-0.5,25.11259492856995,-1.3312198128718502,0.25,True,8.652218330915712,7.042181254996093,999.0,5.46845027655058,5.7788648052652904,5.7788648052652904,0.31041452871471087,False,True,False
8.75,S1,1001,BASELINE_UTILITARIAN,175,25.382207936132136,7.337152072396364,0.4819140341805787,-0.08629471675147493,-0.5,25.11259492856995,-1.3187198128718502,0.25,True,8.660069818888497,7.118693473042656,999.0,5.4273107351622105,5.773625507146016,5.773625507146016,0.34631477198380534,False,True,False
8.8,S1,1001,BASELINE_UTILITARIAN,176,25.370866962317375,7.357419546690451,0.46667862885556144,-0.3047081065003454,-0.5,25.11259492856995,-1.3062198128718503,0.25,True,8.667488182626679,7.200419054161384,999.0,5.388691124426837,5.768683953930413,5.768683953930413,0.3799928295035757,False,True,False
8.85,S1,1001,BASELINE_UTILITARIAN,177,25.359568159660764,7.377215133652427,0.4627498659178239,-0.07857525875475058,-0.5,25.11259492856995,-1.2937198128718503,0.25,True,8.674451488349648,7.287119232631655,999.0,5.3526608183676565,5.764053216177789,5.764053216177789,0.4113923978101326,False,True,False
8.9,S1,1001,BASELINE_UTILITARIAN,178,25.348516629841196,7.396577521622973,0.4479117881731756,-0.29676155489296585,-0.5,25.11259492856995,-1.2812198128718504,0.25,True,8.681003722363917,7.3787276016132965,999.0,5.318951381407099,5.759702633370665,5.759702633370665,0.4407512519635661,False,True,False
8.950000000000001,S1,1001,BASELINE_UTILITARIAN,179,25.33749914712669,7.4154879742943365,0.4443529347378118,-0.07117706870727658,-0.5,25.11259492856995,-1.2687198128718504,0.25,True,8.687119591567878,7.474983299817848,999.0,5.2876557437839535,5.755647711875905,5.755647711875905,0.4679919680919511,False,True,False
9.0,S1,1001,BASELINE_UTILITARIAN,180,25.326739839707635,7.433987318943409,0.4298966312519073,-0.28912606971808974,-0.5,25.11259492856995,-1.2562198128718505,0.25,True,8.692845221032005,7.575836335912251,999.0,5.2585041116462055,5.751856696933579,5.751856696933579,0.4933525852873739,False,True,False
9.05,S1,1001,BASELINE_UTILITARIAN,181,25.316017907712286,7.452054485942639,0.42669262649469475,-0.06408009514425106,-0.5,25.11259492856995,-1.2437198128718505,0.25,True,8.698153342196594,7.681011297284636,999.0,5.231604755219934,5.748346578053453,5.748346578053453,0.5167418228335192,False,True,False
9.1,S1,1001,BASELINE_UTILITARIAN,182,25.305546009315027,7.469731211990563,0.41260314322786873,-0.2817896653365204,-0.5,25.11259492856995,-1.2312198128718506,0.25,True,8.703090190077027,7.790465563132669,999.0,5.206695743292678,5.745085815266895,5.745085815266895,0.5383900719742174,False,True,False
9.15,S1,1001,BASELINE_UTILITARIAN,183,25.29512247702127,7.486994276167508,0.40973984141261316,-0.0572660363051114,-0.5,25.11259492856995,-1.2187198128718506,0.25,True,8.707627352272375,7.903924287048001,999.0,5.183895575638842,5.7420923033588265,5.7420923033588265,0.5581967277199844,False,True,False
9.200000000000001,S1,1001,BASELINE_UTILITARIAN,184,25.28494084839108,7.503887089772093,0.39600235196653155,-0.27474978892163215,-0.5,25.11259492856995,-1.2062198128718506,0.25,True,8.71181183058752,8.0213509961973,999.0,5.162945760957013,5.739334247836713,5.739334247836713,0.5763884868797007,False,True,False
9.25,S1,1001,BASELINE_UTILITARIAN,185,25.274803340043295,7.52038366583524,0.3934655691306791,-0.05073565671704916,-0.5,25.11259492856995,-1.1937198128718507,0.25,True,8.715613059697393,8.14246826272972,999.0,5.143979426755683,5.736831093524476,5.736831093524476,0.5928516667687926,False,True,False
9.3,S1,1001,BASELINE_UTILITARIAN,186,25.26492253075303,7.536528958726734,0.3800666702249109,-0.2679779781153635,-0.5,25.11259492856995,-1.1812198128718507,0.25,True,8.719079500904638,8.267264805238794,999.0,5.1267370962255825,5.7345503037117975,5.7345503037117975,0.607813207486215,False,True,False
9.35,S1,1001,BASELINE_UTILITARIAN,187,25.255070164137305,7.552294798578856,0.37784296753314633,-0.04447405383529168,-0.5,25.11259492856995,-1.1687198128718508,0.25,True,8.72217834293055,8.395446749654164,999.0,5.111366386269327,5.732512915254217,5.732512915254217,0.6211465289848901,False,True,False
9.4,S1,1001,BASELINE_UTILITARIAN,188,25.24547024193586,7.5677271371078945,0.3647694078116851,-0.26147119442922473,-0.5,25.11259492856995,-1.1562198128718508,0.25,True,8.724958809929305,8.527024874703338,999.0,5.0976094624385855,5.730686079927193,5.730686079927193,0.6330766174886078,False,True,False
9.450000000000001,S1,1001,BASELINE_UTILITARIAN,189,25.23590981190301,7.582796154916238,0.362845907210233,-0.038470012029041545,-0.5,25.11259492856995,-1.1437198128718509,0.25,True,8.727387209039824,8.661714496826228,999.0,5.085621185712672,5.729091514148704,5.729091514148704,0.6434703284360328,False,True,False
9.5,S1,1001,BASELINE_UTILITARIAN,190,25.226593758104897,7.597549359147251,0.35008478777485397,-0.25522238870758107,-0.5,25.11259492856995,-1.131219812871851,0.25,True,8.729513559845495,8.799533199544747,999.0,5.075144453606281,5.727696011607428,5.727696011607428,0.6525515580011465,False,True,False
9.55,S1,1001,BASELINE_UTILITARIAN,191,25.2173168377084,7.611953781764697,0.3484492506957638,-0.03271074158180287,-0.5,25.11259492856995,-1.118719812871851,0.25,True,8.731301626581082,8.940201804997416,999.0,5.0663492164632355,5.7265230475812245,5.7265230475812245,0.660173831117989,False,True,False
9.600000000000001,S1,1001,BASELINE_UTILITARIAN,192,25.20828769832382,7.626059049955913,0.33598823648942033,-0.2492202841268698,-0.5,25.11259492856995,-1.106219812871851,0.25,True,8.73280317219916,9.083757365515005,999.0,5.058973721585771,5.725538411214257,5.725538411214257,0.666564689628486,False,True,False
9.65,S1,1001,BASELINE_UTILITARIAN,193,25.19928970061985,7.639830125781074,0.334628573064098,-0.027193268506446877,-0.5,25.11259492856995,-1.093719812871851,0.25,True,8.733980221780064,9.229916804976721,999.0,5.053198753187489,5.724766799369916,5.724766799369916,0.6715680461824265,False,True,False
9.700000000000001,S1,1001,BASELINE_UTILITARIAN,194,25.19054292105283,7.6533173954280045,0.32245552023687973,-0.24346105654436512,-0.5,25.11259492856995,-1.081219812871851,0.25,True,8.73488500970143,9.378739824031284,999.0,5.048763537926229,5.724173809325175,5.724173809325175,0.6754102713989463,False,True,False
9.75,S1,1001,BASELINE_UTILITARIAN,195,25.18182694498443,7.666484177604943,0.321361396924391,-0.02188246624977519,-0.5,25.11259492856995,-1.0687198128718511,0.25,True,8.735478339927273,9.529944660626205,999.0,5.045856933750076,5.723785012603703,5.723785012603703,0.6779280788536273,False,True,False
9.8,S1,1001,BASELINE_UTILITARIAN,196,25.173350378854963,7.679381767921356,0.3094652999969297,-0.23792193854922594,-0.5,25.11259492856995,-1.0562198128718512,0.25,True,8.735812853026108,9.68359851583747,999.0,5.044218872807905,5.723565836541459,5.723565836541459,0.6793469637335541,False,True,False
9.850000000000001,S1,1001,BASELINE_UTILITARIAN,197,25.1649004821501,7.691971766522968,0.308625300920858,-0.016799981521433693,-0.5,25.11259492856995,-1.0437198128718512,0.25,True,8.7358481695394,9.839428152877936,999.0,5.044045960467454,5.7235426978164,5.7235426978164,0.6794967373489467,False,True,False
9.9,S1,1001,BASELINE_UTILITARIAN,198,25.15669725192693,7.704307777268852,0.2969952362252854,-0.2326012939114519,-0.5,25.11259492856995,-1.0312198128718513,0.25,True,8.735638917276454,9.997523560461946,999.0,5.0450705517820715,5.723679798751195,5.723679798751195,0.6786092469691232,False,True,False
9.950000000000001,S1,1001,BASELINE_UTILITARIAN,199,25.14851659528361,7.716347542806005,0.2963988583155765,-0.011927558194178012,-0.5,25.11259492856995,-1.0187198128718513,0.25,True,8.735141216624287,10.157606084684103,999.0,5.047508251168019,5.724005915879469,5.724005915879469,0.6764976647114498,False,True,False
0.0,S1,1001,FULL_DRA,0,1.2711040209966011,-1.5001323373094522,2.9344916401043726,58.68983280208745,-0.0,25.11259492856995,-3.3937198128718675,0.0,False,23.916570870915205,61.53640995348056,8.124572781786958,5.534743690236997e-12,2.0906007081811504,2.0906007081811504,2.0906007081756157,False,False,False
0.05,S1,1001,FULL_DRA,1,1.42290417356031,-1.5003473779556487,3.1095753444200036,3.5016740863126206,-0.0,25.11259492856995,-3.3937198128718675,0.0,False,23.765233162022415,61.159817149883914,7.61830415124681,8.26423527456899e-12,2.1039137154312275,2.1039137154312275,2.1039137154229635,False,False,False
0.1,S1,1001,FULL_DRA,2,1.5843280754790037,-1.5005686809302574,3.3146862487806925,4.102218087213778,-0.0,25.11259492856995,-3.3937198128718675,0.0,False,23.604308130479698,60.773608588674506,7.098188210647636,1.2621909354639615e-11,2.118257384355873,2.118257384355873,2.1182573843432513,False,False,False
0.15000000000000002,S1,1001,FULL_DRA,3,1.7570643798997327,-1.5008790694101606,3.549404904623714,4.694373116860433,-0.0,25.11259492856995,-3.3937198128718675,0.0,False,23.4321073164574,60.37609954528339,6.580125732695528,1.9794774258440663e-11,2.1338243003386554,2.1338243003386554,2.1338243003188606,False,False,False
0.2,S1,1001,FULL_DRA,4,1.9420343158067581,-1.5011890336286626,3.7992931750296393,4.997765408118502,-0.0,25.11259492856995,-3.3937198128718675,0.0,False,23.24772143372584,59.96636668375865,6.098650339765483,3.1931413618902345e-11,2.1507484138838744,2.1507484138838744,2.150748413851943,False,False,False
0.25,S1,1001,FULL_DRA,5,2.1395975083713683,-1.5015364437406618,4.05160912223507,5.0463189441086165,-0.0,25.11259492856995,-3.3937198128718675,0.0,False,23.050791057377346,59.54405220382016,5.670092234249272,5.299103213592027e-11,2.169122954415815,2.169122954415815,2.169122954362824,False,False,False
0.30000000000000004,S1,1001,FULL_DRA,6,2.3497306058617085,-1.501902796681577,4.302162884629273,5.011075247884058,-0.0,25.11259492856995,-3.3937198128718675,0.0,False,22.841343301057645,59.10917922621979,5.291028009198627,9.038903342502293e-11,2.1890131128008044,2.1890131128008044,2.1890131127104153,False,False,False
0.35000000000000003,S1,1001,FULL_DRA,7,2.5723268174986487,-1.5022902506382252,4.550860090205399,4.973944111522517,-0.0,25.11259492856995,-3.3937198128718675,0.0,False,22.61948700364067,58.66185497443793,4.952968815627546,1.58292341592401e-10,2.210483376212394,2.210483376212394,2.2104833760541016,False,False,False
0.4,S1,1001,FULL_DRA,8,2.807302233720833,-1.502700399180526,4.797833403987903,4.939466275650091,-0.0,25.11259492856995,-3.3937198128718675,0.0,False,22.38530849968003,58.2021638113058,4.649034432147898,2.8427788714906973e-10,2.2336078147287846,2.2336078147287846,2.2336078144445066,False,False,False
0.45,S1,1001,FULL_DRA,9,3.054572850864089,-1.503131022342103,5.043162964131679,4.906591202875514,-0.0,25.11259492856995,-3.3937198128718675,0.0,False,22.13889482235814,57.73019008988206,4.373846777228577,5.229432447607463e-10,2.2584686544291652,2.2584686544291652,2.2584686539062218,False,False,False
0.5,S1,1001,FULL_DRA,10,3.314047120531617,-1.5035834252064717,5.285702086187209,4.850782441110599,-0.0,25.11259492856995,-3.3812198128718673,0.25,False,21.879264268791538,57.24602585261716,4.1240591037098175,9.867210043400822e-10,2.285268799980616,2.285268799980616,2.285268798993895,False,False,False
0.55,S1,1001,FULL_DRA,11,3.581298423433175,-1.504048547415266,5.356272323695971,1.4114047501752403,-0.0,25.11259492856995,-3.368719812871867,0.25,False,21.611888582915068,56.75409517481571,4.019828568066458,1.8826089238636594e-09,2.3135414477162675,2.3135414477162675,2.3135414458336587,False,False,False
0.6000000000000001,S1,1001,FULL_DRA,12,3.849908239232734,-1.5045163976162996,5.39208047760511,0.716163078182781,-0.0,25.11259492856995,-3.356219812871867,0.25,False,21.343164029426074,56.26081255629899,3.9433177560400634,3.5749121927472563e-09,2.342670464935021,2.342670464935021,2.342670461360109,False,False,False
0.65,S1,1001,FULL_DRA,13,4.1232804537221845,-1.5049926542004641,5.525310392013767,2.6645982881731456,-0.0,25.11259492856995,-3.343719812871867,0.25,False,21.069699563308674,55.762776714694695,3.7987575331850185,6.809350808956211e-09,2.373076077794261,2.373076077794261,2.37307607098491,False,False,False
0.7000000000000001,S1,1001,FULL_DRA,14,4.403277295950408,-1.5054809709652943,5.654922243521246,2.592237030149569,-0.0,25.11259492856995,-3.3312198128718666,0.25,False,20.78964066855349,55.25812711563655,3.6621754890345097,1.3060325407663579e-08,2.4050439734454017,2.4050439734454017,2.4050439603850764,False,False,False
0.75,S1,1001,FULL_DRA,15,4.692096774365936,-1.50598434773309,5.860713445246504,4.115824034505167,-0.0,25.11259492856995,-3.3187198128718665,0.25,False,20.500798880346625,54.74466776361594,3.4843024394524242,2.5334245608986738e-08,2.4389293457209216,2.4389293457209216,2.4389293203866758,False,False,False
0.8,S1,1001,FULL_DRA,16,4.990547887991784,-1.5065042858484787,6.043202559668391,3.6497822884377307,-0.0,25.11259492856995,-3.3062198128718663,0.25,False,20.202369986747833,54.221590811480596,3.329699251663397,4.9749006169116116e-08,2.474957147740515,2.474957147740515,2.4749570979915085,False,False,False
0.8500000000000001,S1,1001,FULL_DRA,17,5.299943363764703,-1.50704368915342,6.285171122192636,4.8393712504848985,-0.0,25.11259492856995,-3.293719812871866,0.25,False,19.893048373727076,53.68758517051612,3.152285145403239,9.908831956355127e-08,2.5134408292112456,2.5134408292112456,2.513440730122926,False,False,False
0.9,S1,1001,FULL_DRA,18,5.620420536042742,-1.5076010767146784,6.492813360898187,4.152844774111024,-0.0,25.11259492856995,-3.281219812871866,0.25,False,19.572700017369637,53.14251426237729,3.0021153095074875,2.000142591519686e-07,2.554578568906073,2.554578568906073,2.554578368891814,False,False,False
0.9500000000000001,S1,1001,FULL_DRA,19,5.952788509714587,-1.5081822401052136,6.750223521408001,5.148203210196289,-0.0,25.11259492856995,-3.2687198128718657,0.25,False,19.240521680898738,52.58557056184001,2.8383958483879805,4.0938724453459944e-07,2.5986821370669024,2.5986821370669024,2.598681727679658,False,False,False
1.0,S1,1001,FULL_DRA,20,6.296848757398676,-1.5087830155227664,6.968612233622732,4.3677742442946155,-0.0,25.11259492856995,-3.2562198128718656,0.25,False,18.89671504094498,52.01695315762148,2.7000707659392384,8.481833321069991e-07,2.645962533258353,2.645962533258353,2.645961685075021,False,False,False
1.05,S1,1001,FULL_DRA,21,6.653188763653022,-1.5093970148982692,7.231476274065645,5.257280808858251,-0.0,25.11259492856995,-3.2437198128718654,0.25,False,18.540699866211742,51.43607568261951,2.5526469928579014,1.7785562876294187e-06,2.6967698285823154,2.6967698285823154,2.696768050026028,False,False,False
1.1,S1,1001,FULL_DRA,22,7.021182967370915,-1.5100339507891363,7.440243252107141,4.175339560829929,-0.0,25.11259492856995,-3.231219812871865,0.25,False,18.173102858940986,50.84356460328264,2.431561892291007,3.7643428138372886e-06,2.751318824754271,2.751318824754271,2.751315060411457,False,False,False
1.1500000000000001,S1,1001,FULL_DRA,23,7.399557023998456,-1.510699988858022,7.643882030141826,4.072775560693707,-0.0,25.11259492856995,-3.218719812871865,0.25,False,17.7951972039652,50.24069455562864,2.317283002893602,8.01022677369866e-06,2.809746889956285,2.809746889956285,2.8097388797295113,False,False,False
1.2000000000000002,S1,1001,FULL_DRA,24,7.785196594193774,-1.5113708582911158,7.751445648144266,2.151272360048786,-0.0,25.11259492856995,-3.206219812871865,0.25,False,17.410090350626724,49.63057741509856,2.2353763569927683,1.7012188280433703e-05,2.8718977899043536,2.8718977899043536,2.8718807777160733,False,False,False
1.25,S1,1001,FULL_DRA,25,8.17547640052615,-1.5120479017850528,7.83570563879747,1.6851998130640844,-0.0,25.11259492856995,-3.1937198128718647,0.25,False,17.020399655987607,49.01583722180511,2.161530729814795,3.5849598019579164e-05,2.9376513484165163,2.9376513484165163,2.937615498818497,False,False,False
1.3,S1,1001,FULL_DRA,26,8.567366613120525,-1.5127295662499876,7.834724849575989,-0.019615784429625194,-0.0,25.11259492856995,-3.1812198128718645,0.25,False,16.629144286866413,48.39950193015103,2.111781668547664,7.449653522504317e-05,3.00676926830743,3.00676926830743,3.006694771772205,False,False,False
1.35,S1,1001,FULL_DRA,27,8.959043091239563,-1.5134093500920756,7.830707015008883,-0.08035669134210721,-0.0,25.11259492856995,-3.1687198128718643,0.25,False,16.238143049299335,47.78339443546424,2.062847174127363,0.0001521254328047972,3.0791698193690604,3.0791698193690604,3.0790176939362555,False,False,False
1.4000000000000001,S1,1001,FULL_DRA,28,9.348620783430869,-1.514086547590864,7.764480317161541,-1.3245339569468406,-0.0,25.11259492856995,-3.156219812871864,0.25,False,15.849273879567981,47.16939858303328,2.03026777082512,0.00030427043852616204,3.1547186565093854,3.1547186565093854,3.1544143860708593,False,False,False
1.4500000000000002,S1,1001,FULL_DRA,29,9.735481485114729,-1.514759719181285,7.720153313310033,-0.886540077030169,-0.0,25.11259492856995,-3.143719812871864,0.25,False,15.463153909850595,46.558132365867465,1.9918145170697719,0.000595620203417406,3.233493004822785,3.233493004822785,3.232897384619368,False,False,False
1.5,S1,1001,FULL_DRA,30,10.118831416124753,-1.5154255570313353,7.633225621677006,-1.738553832660532,-0.0,25.11259492856995,-3.131219812871864,0.25,False,15.080574768368088,45.95038905414301,1.9642762123872732,0.0011400093565709967,3.3155234974781167,3.3155234974781167,3.3143834881215457,False,False,False
1.55,S1,1001,FULL_DRA,31,10.499036946490918,-1.5160859911875093,7.586850860325475,-0.9274952270306258,-0.0,25.11259492856995,-3.1187198128718636,0.25,False,14.701173832792822,45.34580307260258,1.9261691380410388,0.00213565009972275,3.4010889585203525,3.4010889585203525,3.3989533084206296,False,False,False
1.6,S1,1001,FULL_DRA,32,10.8760294090342,-1.5167417621164248,7.511179504943979,-1.5134271076299122,-0.0,25.11259492856995,-3.1062198128718634,0.25,False,14.325021405424412,44.74444344527135,1.895383476079225,0.003917061922211303,3.4903961805646344,3.4903961805646344,3.486479118642423,False,False,False
1.6500000000000001,S1,1001,FULL_DRA,33,11.250755137135664,-1.5173928902294733,7.485902133785077,-0.5055474231780543,-0.0,25.11259492856995,-3.0937198128718633,0.25,False,13.951179483127518,44.14536523292576,1.8517260236242712,0.007047057524791887,3.583926366976336,3.583926366976336,3.576879309451544,False,False,False
1.7000000000000002,S1,1001,FULL_DRA,34,11.623534691338335,-1.5180405280387959,7.437578342071786,-0.9664758342658075,-0.0,25.11259492856995,-3.081219812871863,0.25,False,13.57933266254989,43.54824877734462,1.8136360542152152,0.012445259548321607,3.68206606631663,3.68206606631663,3.6696208067683083,False,False,False
1.75,S1,1001,FULL_DRA,35,11.995459460556738,-1.5186868403532117,7.441300880887526,0.07445077631478725,-0.0,25.11259492856995,-3.068719812871863,0.25,False,13.208400550486997,42.952004556948694,1.7627476267897837,0.02161448529788731,3.785469694750928,3.785469694750928,3.7638552094530406,False,False,False
1.8,S1,1001,FULL_DRA,36,12.366903394842033,-1.5193316622454347,7.421564386488831,-0.3947298879738881,-0.0,25.11259492856995,-3.0562198128718627,0.25,False,12.838016897499374,42.35625973470181,1.7173861021716408,0.036940829919824676,3.8946825198321045,3.8946825198321045,3.8577416899122796,False,False,False
1.85,S1,1001,FULL_DRA,37,12.738790016934628,-1.5199784388959756,7.449731439687656,0.5633410639764946,-0.0,25.11259492856995,-3.0437198128718626,0.25,False,12.467270582047075,41.76009280575143,1.6609732863275026,0.062210941392757714,4.010500908835669,4.010500908835669,3.9482899674429115,False,False,False
1.9000000000000001,S1,1001,FULL_DRA,38,13.111249022357129,-1.5206254008851943,7.449124691347171,-0.012134966809700387,-0.0,25.11259492856995,-3.0312198128718624,0.25,False,12.096040634773704,41.163375061604555,1.611108204451654,0.10324675680291344,4.1335839974164745,4.1335839974164745,4.030337240613561,False,False,False
1.9500000000000002,S1,1001,FULL_DRA,39,13.484913881597285,-1.5212740880589308,7.489306510025896,0.8036363735745056,-0.0,25.11259492856995,-3.018719812871862,0.25,False,11.723707187954153,40.56547487852992,1.5525711267667774,0.1689897167086656,4.264862572768269,4.264862572768269,4.095872856059604,False,False,False
2.0,S1,1001,FULL_DRA,40,13.859532748342508,-1.5219245142065745,7.49402312070987,0.09433221367947553,-0.0,25.11259492856995,-3.006219812871862,0.25,False,11.350530426623468,39.96664490120839,1.5016049455638054,0.2726568201520713,4.405080478241041,4.405080478241041,4.13242365808897,False,False,False
2.0500000000000003,S1,1001,FULL_DRA,41,14.2349148516752,-1.52257757093264,7.506798707428975,0.25551173438209673,-0.0,25.11259492856995,-2.993719812871862,0.25,True,10.97671095325421,39.367076856816084,1.4490437936120282,0.4335037598850889,4.555098536613716,4.555098536613716,4.121594776728627,False,False,False
2.1,S1,1001,FULL_DRA,42,14.607389123005735,-1.5232246332026307,7.401484447858916,-2.1062851914011738,-0.0,25.11259492856995,-2.9812198128718617,0.25,True,10.60589925283089,38.770437577344126,1.4193376855102542,0.676218513717373,4.7143574352409745,4.7143574352409745,4.038138921523601,False,False,False
2.15,S1,1001,FULL_DRA,43,14.973879875920689,-1.5238614636242005,7.278578297814475,-2.4581230008888255,-0.0,25.11259492856995,-2.9687198128718615,0.25,True,10.241150256109291,38.17979899029936,1.3929526671017052,1.0316940118161795,4.882264076749858,4.882264076749858,3.8505700649336787,False,False,False
2.2,S1,1001,FULL_DRA,44,15.331776945980302,-1.5244833081782758,7.075770728715271,-4.056151381984083,-0.0,25.11259492856995,-2.9562198128718613,0.25,True,9.885052848994853,37.59776761922128,1.3822971881913317,1.536278000896321,5.058141900079389,5.058141900079389,3.5218638991830677,False,False,False
2.25,S1,1001,FULL_DRA,45,15.680622414757796,-1.5250895419018775,6.911751657863913,-3.2803814170271473,-0.0,25.11259492856995,-2.943719812871861,0.25,True,9.538061508871724,37.02480069754494,1.3646283866522948,2.233986698063373,5.242155332453355,5.242155332453355,3.008168634389982,False,False,False
2.3000000000000003,S1,1001,FULL_DRA,46,16.019355425154714,-1.5256782005477305,6.683896683083877,-4.5570994956007205,-0.0,25.11259492856995,-2.931219812871861,0.25,True,9.201225564588997,36.46195728539722,1.3604697879949448,3.1723037198559285,5.434058718484793,5.434058718484793,2.2617549986288643,False,False,False
2.35,S1,1001,FULL_DRA,47,16.348380494326843,-1.526250749826204,6.513226800710171,-3.4133976474741345,-0.0,25.11259492856995,-2.9187198128718608,0.25,True,8.874143606057684,35.908833360062395,1.3456025258152382,4.405745822481003,5.634346503686159,5.634346503686159,1.2286006812051564,False,False,False
2.4000000000000004,S1,1001,FULL_DRA,48,16.667186231999302,-1.5268045453694867,6.285927583867514,-4.545984336853124,-0.0,25.11259492856995,-2.9062198128718606,0.25,True,8.557319354349808,35.365939118605986,1.3435421556947813,5.987816321030156,5.842951271251117,5.987816321030156,0.1448650497790389,False,False,False
2.45,S1,1001,FULL_DRA,49,16.976585474257107,-1.527341947803464,6.124575051708485,-3.2270506431805934,-0.0,25.11259492856995,-2.8937198128718604,0.25,True,8.24994777624785,34.83246292113817,1.3284202390569546,7.978345236444158,6.0606444254051315,7.978345236444158,1.9177008110390261,False,False,False
2.5,S1,1001,FULL_DRA,50,17.27631875947793,-1.5278636358151942,5.909486184931478,-4.301777335540127,-0.0,25.11259492856995,-2.8812198128718602,0.25,True,7.952282511345842,34.30866359449672,1.32605034073413,10.429795341197066,6.287502981522976,10.429795341197066,4.14229235967409,False,False,False
2.5500000000000003,S1,1001,FULL_DRA,51,17.567118721856062,-1.5283691792693332,5.75303055010859,-3.1291126964577742,-0.0,25.11259492856995,-2.86871981287186,0.25,True,7.663599089663037,33.79380950488948,1.3115654681464306,13.398110024878957,6.524349644991472,13.398110024878957,6.873760379887485,False,False,False
2.6,S1,1001,FULL_DRA,52,17.823975176485536,-1.5288160629361869,4.609275370331473,-22.875103595542328,-0.0,25.11259492856995,-2.85621981287186,0.25,True,7.408507177955513,33.312861576742364,1.5812940574128158,16.588540420011302,6.7489979828565465,16.588540420011302,9.839542437154755,False,False,False
2.6500000000000004,S1,1001,FULL_DRA,53,18.013539880165375,-1.5291452477502503,3.2593857105223014,-26.997793196183437,-0.0,25.11259492856995,-2.8437198128718597,0.25,True,7.219742991792932,32.89909639546278,2.178034660177419,19.338870891457912,6.92545427958276,19.338870891457912,12.413416611875153,False,False,False
2.7,S1,1001,FULL_DRA,54,18.13588155888886,-1.5293583767050904,1.9183115426036235,-26.82148335837356,-0.0,25.11259492856995,-2.8312198128718595,0.25,True,7.097138341730775,32.55243635277774,3.636903190506774,21.31976708226172,7.045093049124152,21.31976708226172,14.274674033137568,False,False,False
2.75,S1,1001,FULL_DRA,55,18.19160310427627,-1.5294548823168554,0.591380293145233,-26.538624989167808,-0.0,25.11259492856995,-2.8187198128718594,0.25,True,7.040051980852059,32.272271654034846,11.703115414084325,22.297404276486986,7.102220287008234,22.297404276486986,15.195183989478753,False,False,False
2.8000000000000003,S1,1001,FULL_DRA,56,18.1964762013844,-1.529464849946649,0.000159621732618124,-11.824413428252297,-0.0,25.11259492856995,-2.806219812871859,0.25,True,7.032979559467015,32.04285742432762,999.0,22.421038542404013,7.109362337431446,22.421038542404013,15.311676204972567,False,False,False
2.85,S1,1001,FULL_DRA,57,18.19668227349859,-1.5294654886990173,0.0005195519328272839,0.007198604004183197,-0.0,25.11259492856995,-2.793719812871859,0.25,True,7.03051824894623,31.81810674458749,999.0,22.464196474441554,7.111851250438651,22.464196474441554,15.352345224002903,False,False,False
2.9000000000000004,S1,1001,FULL_DRA,58,18.196953234544065,-1.529466911163695,0.0005363000789692974,0.00033496292284027106,-0.0,25.11259492856995,-2.781219812871859,0.25,True,7.0280143260443095,31.593297846034996,999.0,22.508171293208704,7.11438504254477,22.508171293208704,15.393786250663934,False,False,False
2.95,S1,1001,FULL_DRA,59,18.197189838474323,-1.5294677504776075,0.0004558736113561277,-0.0016085293522633947,-0.0,25.11259492856995,-2.7687198128718586,0.25,True,7.025565687848127,31.368529824630585,999.0,22.551243240020245,7.116864637175514,22.551243240020245,15.434378602844731,False,False,False
3.0,S1,1001,FULL_DRA,60,18.197376842907033,-1.5294688597440569,0.00036053612675868786,-0.0019067496919487968,-0.0,25.11259492856995,-2.7562198128718585,0.25,True,7.023187244640391,31.143818085567904,999.0,22.59314494617143,7.119274804777066,22.59314494617143,15.473870141394364,False,False,False
3.0500000000000003,S1,1001,FULL_DRA,61,18.197514236079343,-1.529469762271006,0.0002759499780702657,-0.0016917229737684427,-0.0,25.11259492856995,-2.7437198128718583,0.25,True,7.020879159267774,30.919162752715245,999.0,22.633867971075112,7.121615237316608,22.633867971075112,15.512252733758505,False,False,False
3.1,S1,1001,FULL_DRA,62,18.197632538044473,-1.5294701819279624,0.00020794389496860347,-0.001360121662033245,-0.0,25.11259492856995,-2.731219812871858,0.25,True,7.018611475060834,30.694533501406752,999.0,22.673936586112248,7.123916201611177,22.673936586112248,15.550020384501071,False,False,False
3.1500000000000004,S1,1001,FULL_DRA,63,18.19772029643068,-1.5294699243313374,0.00015532230989319834,-0.0010524317015081024,-0.0,25.11259492856995,-2.718719812871858,0.25,True,7.016395547259066,30.469941899318137,999.0,22.713146682161263,7.126166086735568,22.713146682161263,15.586980595425695,False,False,False
3.2,S1,1001,FULL_DRA,64,18.19778898713541,-1.5294701372487935,0.00011555777341730557,-0.0007952907295178553,-0.0,25.11259492856995,-2.7062198128718578,0.25,True,7.014219914343818,30.245376730220023,999.0,22.751697664268693,7.1283764425110006,22.751697664268693,15.623321221757692,False,False,False
3.25,S1,1001,FULL_DRA,65,18.197834796622367,-1.529470914783147,8.576084202188618e-05,-0.0005959386279083878,-0.0,25.11259492856995,-2.6937198128718576,0.25,True,7.012088360757625,30.02084196961123,999.0,22.78951941840114,7.13054334566282,22.78951941840114,15.658976072738321,False,False,False
3.3000000000000003,S1,1001,FULL_DRA,66,18.19787675728447,-1.5294703563442056,6.3550688029621e-05,-0.0004442030798453036,-0.0,25.11259492856995,-2.6812198128718574,0.25,True,7.0099824678038525,29.796318668836793,999.0,22.826936282652596,7.132685456724748,22.826936282652596,15.694250825927849,False,False,False
3.35,S1,1001,FULL_DRA,67,18.197903463801392,-1.529470174316529,4.7030590034733964e-05,-0.00033040195989774074,-0.0,25.11259492856995,-2.6687198128718572,0.25,True,7.007913226624001,29.57181849700178,999.0,22.8637507932028,7.134791539661665,22.8637507932028,15.728959253541136,False,False,False
3.4000000000000004,S1,1001,FULL_DRA,68,18.197903463801392,-1.529470174316529,0.0,-0.0009406118006946792,-0.0,25.11259492856995,-2.656219812871857,0.25,True,7.005892006085144,29.347353045518894,999.0,22.899757757054882,7.136849948096722,22.899757757054882,15.762907808958161,False,False,False
3.45,S1,1001,FULL_DRA,69,18.197903463801392,-1.529470174316529,0.0,0.0,-0.0,25.11259492856995,-2.643719812871857,0.25,True,7.003892511308539,29.12289584394103,999.0,22.93542323856411,7.138887400009296,22.93542323856411,15.796535838554814,False,False,False
3.5,S1,1001,FULL_DRA,70,18.197903463801392,-1.529470174316529,0.0,0.0,-0.0,25.11259492856995,-2.6312198128718567,0.25,True,7.001914760906473,28.89844708450176,999.0,22.97074546654661,7.140903839498749,22.97074546654661,15.82984162704786,False,False,False
3.5500000000000003,S1,1001,FULL_DRA,71,18.197903463801392,-1.529470174316529,0.0,0.0,-0.0,25.11259492856995,-2.6187198128718565,0.25,True,6.999958773309745,28.674006965446228,999.0,23.00572268496687,7.142899211156187,23.00572268496687,15.862823473810682,False,False,False
3.6,S1,1001,FULL_DRA,72,18.197903463801392,-1.529470174316529,0.0,0.0,-0.0,25.11259492856995,-2.6062198128718563,0.25,True,6.998024566766838,28.44957569126769,999.0,23.04035315308301,7.144873460068537,23.04035315308301,15.895479693014474,False,False,False
3.6500000000000004,S1,1001,FULL_DRA,73,18.197903463801392,-1.529470174316529,0.0,0.0,-0.0,25.11259492856995,-2.593719812871856,0.25,True,6.996112159343095,28.22515347295529,999.0,23.074635145591138,7.146826531822609,23.074635145591138,15.92780861376853,False,False,False
3.7,S1,1001,FULL_DRA,74,18.197903463801392,-1.529470174316529,0.0,0.0,-0.0,25.11259492856995,-2.581219812871856,0.25,True,6.994221568919905,28.000740528253726,999.0,23.108566952768403,7.148758372509113,23.108566952768403,15.959808580259288,False,False,False
3.75,S1,1001,FULL_DRA,75,18.197903463801392,-1.529470174316529,0.0,0.0,-0.0,25.11259492856995,-2.568719812871856,0.25,True,6.992352813193892,27.77633708193543,999.0,23.14214688061505,7.150668928726658,23.14214688061505,15.991477951888394,False,False,False
3.8000000000000003,S1,1001,FULL_DRA,76,18.197903463801392,-1.529470174316529,0.0,0.0,-0.0,25.11259492856995,-2.5562198128718556,0.25,True,6.990505909676113,27.55194336608603,999.0,23.175373250995207,7.152558147585719,23.175373250995207,16.02281510340949,False,False,False
3.85,S1,1001,FULL_DRA,77,18.197903463801392,-1.529470174316529,0.0,0.0,-0.0,25.11259492856995,-2.5437198128718554,0.25,True,6.988680875691261,27.32755962040377,999.0,23.208244401776682,7.154425976712583,23.208244401776682,16.0538184250641,False,False,False
3.9000000000000004,S1,1001,FULL_DRA,78,18.197903463801392,-1.529470174316529,0.0,0.0,-0.0,25.11259492856995,-2.5312198128718553,0.25,True,6.986877728376881,27.103186092513795,999.0,23.2407586869693,7.15627236425325,23.2407586869693,16.08448632271605,False,False,False
3.95,S1,1001,FULL_DRA,79,18.197903463801392,-1.529470174316529,0.0,0.0,-0.0,25.11259492856995,-2.518719812871855,0.25,True,6.985096484682584,26.87882303829808,999.0,23.272914476862265,7.158097258877318,23.272914476862265,16.114817217984946,False,False,False
4.0,S1,1001,FULL_DRA,80,18.197903463801392,-1.529470174316529,0.0,0.0,-0.0,25.11259492856995,-2.506219812871855,0.25,True,6.983337161369278,26.654470722241967,999.0,23.304710158160166,7.159900609781829,23.304710158160166,16.144809548378337,False,False,False
4.05,S1,1001,FULL_DRA,81,18.197903463801392,-1.529470174316529,0.0,0.0,-0.0,25.11259492856995,-2.4937198128718547,0.25,True,6.981599775008393,26.43012941779826,999.0,23.336144134117923,7.161682366695088,23.336144134117923,16.174461767422834,False,False,False
4.1000000000000005,S1,1001,FULL_DRA,82,18.197903463801392,-1.529470174316529,0.0,0.0,-0.0,25.11259492856995,-2.4812198128718546,0.25,True,6.97988434198113,26.20579940776994,999.0,23.36721482467419,7.163442479880446,23.36721482467419,16.20377234479374,False,False,False
4.15,S1,1001,FULL_DRA,83,18.197903463801392,-1.529470174316529,0.0,0.0,-0.0,25.11259492856995,-2.4687198128718544,0.25,True,6.978190878477706,25.98148098471267,999.0,23.397920666583783,7.1651809001400535,23.397920666583783,16.23273976644373,False,False,False
4.2,S1,1001,FULL_DRA,84,18.197903463801392,-1.529470174316529,0.0,0.0,-0.0,25.11259492856995,-2.456219812871854,0.25,True,6.976519400496611,25.757174451358143,999.0,23.428260113548586,7.1668975788185785,23.428260113548586,16.261362534730008,False,False,False
4.25,S1,1001,FULL_DRA,85,18.197903463801392,-1.529470174316529,0.0,0.0,-0.0,25.11259492856995,-2.443719812871854,0.25,True,6.974869923843864,25.532880121059733,999.0,23.458231636347428,7.168592467806899,23.458231636347428,16.28963916854053,False,False,False
4.3,S1,1001,FULL_DRA,86,18.197903463801392,-1.529470174316529,0.0,0.0,-0.0,25.11259492856995,-2.431219812871854,0.25,True,6.973242464132293,25.30859831826168,999.0,23.487833722964332,7.1702655195457465,23.487833722964332,16.317568203418585,False,False,False
4.3500000000000005,S1,1001,FULL_DRA,87,18.197903463801392,-1.529470174316529,0.0,0.0,-0.0,25.11259492856995,-2.4187198128718537,0.25,True,6.971637036780812,25.084329378993342,999.0,23.517064878715704,7.171916687029328,23.517064878715704,16.345148191686377,False,False,False
4.4,S1,1001,FULL_DRA,88,18.197903463801392,-1.529470174316529,0.0,0.0,-0.0,25.11259492856995,-2.4062198128718535,0.25,True,6.9700536570136995,24.860073651390074,999.0,23.545923626376002,7.173545923808908,23.545923626376002,16.372377702567093,False,False,False
4.45,S1,1001,FULL_DRA,89,18.197903463801392,-1.529470174316529,0.0,0.0,-0.0,25.11259492856995,-2.3937198128718533,0.25,True,6.968492339859905,24.635831496242414,999.0,23.574408506302074,7.175153183996354,23.574408506302074,16.39925532230572,False,False,False
4.5,S1,1001,FULL_DRA,90,18.197903463801392,-1.529470174316529,0.0,0.0,-0.0,25.11259492856995,-2.381219812871853,0.25,True,6.966953100152339,24.411603287575364,999.0,23.602518076556347,7.176738422267649,23.602518076556347,16.425779654288696,False,False,False
4.55,S1,1001,FULL_DRA,91,18.197903463801392,-1.529470174316529,0.0,0.0,-0.0,25.11259492856995,-2.368719812871853,0.25,True,6.9654359525271925,24.187389413259773,999.0,23.630250913028203,7.178301593866361,23.630250913028203,16.45194931916184,False,False,False
4.6000000000000005,S1,1001,FULL_DRA,92,18.197903463801392,-1.529470174316529,0.0,0.0,-0.0,25.11259492856995,-2.356219812871853,0.25,True,6.9639409114232524,23.96319027565782,999.0,23.6576056095543,7.179842654607084,23.6576056095543,16.477762954947217,False,False,False
4.65,S1,1001,FULL_DRA,93,18.197903463801392,-1.529470174316529,0.0,0.0,-0.0,25.11259492856995,-2.3437198128718526,0.25,True,6.962467991081225,23.73900629230491,999.0,23.684580778037418,7.181361560878836,23.684580778037418,16.50321921715858,False,False,False
4.7,S1,1001,FULL_DRA,94,18.197903463801392,-1.529470174316529,0.0,0.0,-0.0,25.11259492856995,-2.3312198128718524,0.25,True,6.961017205543077,23.514837896630347,999.0,23.711175048563724,7.182858269648417,23.711175048563724,16.528316778915308,False,False,False
4.75,S1,1001,FULL_DRA,95,18.197903463801392,-1.529470174316529,0.0,0.0,-0.0,25.11259492856995,-2.3187198128718522,0.25,True,6.959588568651373,23.29068553871941,999.0,23.73738706951872,7.184332738463731,23.73738706951872,16.55305433105499,False,False,False
4.800000000000001,S1,1001,FULL_DRA,96,18.197903463801392,-1.529470174316529,0.0,0.0,-0.0,25.11259492856995,-2.306219812871852,0.25,True,6.95818209404863,23.066549686119597,999.0,23.76321550770177,7.185784925457076,23.76321550770177,16.577430582244695,False,False,False
4.8500000000000005,S1,1001,FULL_DRA,97,18.197903463801392,-1.529470174316529,0.0,0.0,-0.0,25.11259492856995,-2.293719812871852,0.25,True,6.956797795176679,22.84243082469409,999.0,23.788659048438976,7.187214789348376,23.788659048438976,16.6014442590906,False,False,False
4.9,S1,1001,FULL_DRA,98,18.197903463801392,-1.529470174316529,0.0,0.0,-0.0,25.11259492856995,-2.2812198128718517,0.25,True,6.955435685276028,22.618329459525636,999.0,23.813716395694808,7.188622289448391,23.813716395694808,16.625094106246415,False,False,False
4.95,S1,1001,FULL_DRA,99,18.197903463801392,-1.529470174316529,0.0,0.0,-0.0,25.11259492856995,-2.2687198128718515,0.25,True,6.954095777385247,22.394246115874406,999.0,23.838386272181978,7.190007385661877,23.838386272181978,16.6483788865201,False,False,False
5.0,S1,1001,FULL_DRA,100,18.197903463801392,-1.529470174316529,0.0,0.0,-0.0,25.11259492856995,-2.2562198128718514,0.25,True,6.952778084340348,22.170181340193558,999.0,23.862667419470032,7.1913700384907076,23.862667419470032,16.671297380979325,False,False,False
5.050000000000001,S1,1001,FULL_DRA,101,18.197903463801392,-1.529470174316529,0.0,0.0,-0.0,25.11259492856995,-2.243719812871851,0.25,True,6.9514826187741825,21.946135701206654,999.0,23.886558598092254,7.192710209036954,23.886558598092254,16.6938483890553,False,False,False
5.1000000000000005,S1,1001,FULL_DRA,102,18.197903463801392,-1.529470174316529,0.0,0.0,-0.0,25.11259492856995,-2.231219812871851,0.25,True,6.950209393115842,21.722109791051324,999.0,23.910058587651218,7.194027859005921,23.910058587651218,16.716030728645297,False,False,False
5.15,S1,1001,FULL_DRA,103,18.197903463801392,-1.529470174316529,0.0,0.0,-0.0,25.11259492856995,-2.218719812871851,0.25,True,6.948958419590076,21.498104226493982,999.0,23.933166186922477,7.195322950709142,23.933166186922477,16.737843236213337,False,False,False
5.2,S1,1001,FULL_DRA,104,18.197903463801392,-1.529470174316529,0.0,0.0,-0.0,25.11259492856995,-2.2062198128718506,0.25,True,6.947729710216706,21.27411965022076,999.0,23.955880213957098,7.1965954470673354,23.955880213957098,16.759284766889763,False,False,False
5.25,S1,1001,FULL_DRA,105,18.197903463801392,-1.529470174316529,0.0,0.0,-0.0,25.11259492856995,-2.1937198128718505,0.25,True,6.946523276810065,21.050156732210326,999.0,23.978199506182168,7.197845311613302,23.978199506182168,16.780354194568865,False,False,False
5.300000000000001,S1,1001,FULL_DRA,106,18.197903463801392,-1.529470174316529,0.0,0.0,-0.0,25.11259492856995,-2.1812198128718503,0.25,True,6.945339130978425,20.82621617119467,999.0,24.000122920500246,7.199072508494808,24.000122920500246,16.801050412005438,False,False,False
5.3500000000000005,S1,1001,FULL_DRA,107,18.197903463801392,-1.529470174316529,0.0,0.0,-0.0,25.11259492856995,-2.16871981287185,0.25,True,6.94417728412346,20.602298696214483,999.0,24.02164933338664,7.2002770024773834,24.02164933338664,16.821372330909256,False,False,False
5.4,S1,1001,FULL_DRA,108,18.197903463801392,-1.529470174316529,0.0,0.0,-0.0,25.11259492856995,-2.15621981287185,0.25,True,6.943037747439688,20.37840506827636,999.0,24.04277764098558,7.201458758947116,24.04277764098558,16.841318882038465,False,False,False
5.45,S1,1001,FULL_DRA,109,18.197903463801392,-1.529470174316529,0.0,0.0,-0.0,25.11259492856995,-2.1437198128718498,0.25,True,6.941920531913953,20.154536082119634,999.0,24.063506759204373,7.202617743913373,24.063506759204373,16.860889015291,False,False,False
5.5,S1,1001,FULL_DRA,110,18.197903463801392,-1.529470174316529,0.0,0.0,-0.0,25.11259492856995,-2.1312198128718496,0.25,True,6.940825648324889,19.930692568101414,999.0,24.08383562380627,7.203753924011488,24.08383562380627,16.880081699794783,False,False,False
5.550000000000001,S1,1001,FULL_DRA,111,18.197903463801392,-1.529470174316529,0.0,0.0,-0.0,25.11259492856995,-2.1187198128718494,0.25,True,6.939753107242414,19.706875394209085,999.0,24.10376319050137,7.204867266505399,24.10376319050137,16.89889592399597,False,False,False
5.6000000000000005,S1,1001,FULL_DRA,112,18.197903463801392,-1.529470174316529,0.0,0.0,-0.0,25.11259492856995,-2.1062198128718492,0.25,True,6.938702919027219,19.483085468210476,999.0,24.12328843503614,7.205957739290245,24.12328843503614,16.917330695745896,False,False,False
5.65,S1,1001,FULL_DRA,113,18.197903463801392,-1.529470174316529,0.0,0.0,-0.0,25.11259492856995,-2.093719812871849,0.25,True,6.937675093830279,19.25932373995268,999.0,24.142410353281075,7.207025310894904,24.142410353281075,16.935385042386173,False,False,False
5.7,S1,1001,FULL_DRA,114,18.197903463801392,-1.529470174316529,0.0,0.0,-0.0,25.11259492856995,-2.081219812871849,0.25,True,6.93666964159236,19.03559120382174,999.0,24.161127961316804,7.208069950484504,24.161127961316804,16.9530580108323,False,False,False
5.75,S1,1001,FULL_DRA,115,18.197903463801392,-1.529470174316529,0.0,0.0,-0.0,25.11259492856995,-2.0687198128718487,0.25,True,6.93568657204355,18.811888901376335,999.0,24.179440295518354,7.209091627862858,24.179440295518354,16.970348667655497,False,False,False
5.800000000000001,S1,1001,FULL_DRA,116,18.197903463801392,-1.529470174316529,0.0,0.0,-0.0,25.11259492856995,-2.0562198128718485,0.25,True,6.934725894702783,18.588217924170053,999.0,24.197346412638087,7.210090313474886,24.197346412638087,16.9872560991632,False,False,False
5.8500000000000005,S1,1001,FULL_DRA,117,18.197903463801392,-1.529470174316529,0.0,0.0,-0.0,25.11259492856995,-2.0437198128718483,0.25,True,6.9337876188773935,18.364579416778035,999.0,24.214845389886325,7.2110659784089535,24.214845389886325,17.00377941147737,False,False,False
5.9,S1,1001,FULL_DRA,118,18.197903463801392,-1.529470174316529,0.0,0.0,-0.0,25.11259492856995,-2.031219812871848,0.25,True,6.932871753662659,18.14097458004553,999.0,24.231936325010885,7.212018594399187,24.231936325010885,17.0199177306117,False,False,False
5.95,S1,1001,FULL_DRA,119,18.197903463801392,-1.529470174316529,0.0,0.0,-0.0,25.11259492856995,-2.018719812871848,0.25,True,6.931978307941368,17.91740467457742,999.0,24.248618336374474,7.21294813382773,24.248618336374474,17.035670202546743,False,False,False
6.0,S1,1001,FULL_DRA,120,18.197903463801392,-1.529470174316529,0.0,0.0,-0.0,25.11259492856995,-2.006219812871848,0.25,True,6.93110729038339,17.69387102448979,999.0,24.264890563030562,7.2138545697269505,24.264890563030562,17.05103599330361,False,False,False
6.050000000000001,S1,1001,FULL_DRA,121,18.197903463801392,-1.529470174316529,0.0,0.0,-0.0,25.11259492856995,-1.9937198128718479,0.25,True,6.930258709445262,17.47037502144674,999.0,24.280752164797267,7.214737875781594,24.280752164797267,17.066014289015673,False,False,False
6.1000000000000005,S1,1001,FULL_DRA,122,18.197903463801392,-1.529470174316529,0.0,0.0,-0.0,25.11259492856995,-1.981219812871848,0.25,True,6.9294325733697715,17.24691812900788,999.0,24.296202322329943,7.215598026330904,24.296202322329943,17.080604295999038,False,False,False
6.15,S1,1001,FULL_DRA,123,18.197903463801392,-1.529470174316529,0.0,0.0,-0.0,25.11259492856995,-1.968719812871848,0.25,True,6.928628890185571,17.023501887314826,999.0,24.311240237191377,7.2164349963706655,24.311240237191377,17.094805240820712,False,False,False
6.2,S1,1001,FULL_DRA,124,18.197903463801392,-1.529470174316529,0.0,0.0,-0.0,25.11259492856995,-1.956219812871848,0.25,True,6.927847667706779,16.800127918147588,999.0,24.32586513192089,7.217248761555225,24.32586513192089,17.108616370365663,False,False,False
6.25,S1,1001,FULL_DRA,125,18.197903463801392,-1.529470174316529,0.0,0.0,-0.0,25.11259492856995,-1.943719812871848,0.25,True,6.927088913532608,16.576797930385492,999.0,24.340076250101042,7.218039298199436,24.340076250101042,17.122036951901606,False,False,False
6.300000000000001,S1,1001,FULL_DRA,126,18.197903463801392,-1.529470174316529,0.0,0.0,-0.0,25.11259492856995,-1.931219812871848,0.25,True,6.926352635046998,16.353513725910506,999.0,24.353872856423028,7.218806583280571,24.353872856423028,17.135066273142456,False,False,False
6.3500000000000005,S1,1001,FULL_DRA,127,18.197903463801392,-1.529470174316529,0.0,0.0,-0.0,25.11259492856995,-1.9187198128718481,0.25,True,6.925638839418252,16.130277205995377,999.0,24.36725423675001,7.219550594440173,24.36725423675001,17.147703642309835,False,False,False
6.4,S1,1001,FULL_DRA,128,18.197903463801392,-1.529470174316529,0.0,0.0,-0.0,25.11259492856995,-1.9062198128718482,0.25,True,6.924947533598701,15.907090378223312,999.0,24.380219698178678,7.220271309985854,24.380219698178678,17.159948388192824,False,False,False
6.45,S1,1001,FULL_DRA,129,18.197903463801392,-1.529470174316529,0.0,0.0,-0.0,25.11259492856995,-1.8937198128718482,0.25,True,6.92427872432435,15.683955363991425,999.0,24.392768569099193,7.220968708893047,24.392768569099193,17.171799860206146,False,False,False
6.5,S1,1001,FULL_DRA,130,18.197903463801392,-1.529470174316529,0.0,0.0,-0.0,25.11259492856995,-1.8812198128718483,0.25,True,6.9236324181145665,15.460874406655854,999.0,24.40490019925302,7.221642770806704,24.40490019925302,17.183257428446318,False,False,False
6.550000000000001,S1,1001,FULL_DRA,131,18.197903463801392,-1.529470174316529,0.0,0.0,-0.0,25.11259492856995,-1.8687198128718483,0.25,True,6.923008621271757,15.23784988038328,999.0,24.416613959789135,7.2222934760429345,24.416613959789135,17.1943204837462,False,False,False
6.6000000000000005,S1,1001,FULL_DRA,132,18.197903463801392,-1.529470174316529,0.0,0.0,-0.0,25.11259492856995,-1.8562198128718483,0.25,True,6.922407339881062,15.014884299780913,999.0,24.427909243318368,7.2229208055906,24.427909243318368,17.204988437727767,False,False,False
6.65,S1,1001,FULL_DRA,133,18.197903463801392,-1.529470174316529,0.0,0.0,-0.0,25.11259492856995,-1.8437198128718484,0.25,True,6.9218285798100565,14.791980330385721,999.0,24.438785463965928,7.223524741112855,24.438785463965928,17.215260722853074,False,False,False
6.7,S1,1001,FULL_DRA,134,18.197903463801392,-1.529470174316529,0.0,0.0,-0.0,25.11259492856995,-1.8312198128718484,0.25,True,6.921272346708474,14.569140800103098,999.0,24.449242057421934,7.224105264948624,24.449242057421934,17.22513679247331,False,False,False
6.75,S1,1001,FULL_DRA,135,18.197903463801392,-1.529470174316529,0.0,0.0,-0.0,25.11259492856995,-1.8187198128718485,0.25,True,6.92073864600792,14.346368711696329,999.0,24.45927848099034,7.224662360114037,24.45927848099034,17.234616120876304,False,False,False
6.800000000000001,S1,1001,FULL_DRA,136,18.197903463801392,-1.529470174316529,0.0,0.0,-0.0,25.11259492856995,-1.8062198128718485,0.25,True,6.920227482921617,14.12366725644052,999.0,24.468894213635817,7.2251960103038035,24.468894213635817,17.243698203332013,False,False,False
6.8500000000000005,S1,1001,FULL_DRA,137,18.197903463801392,-1.529470174316529,0.0,0.0,-0.0,25.11259492856995,-1.7937198128718486,0.25,True,6.919738862444144,13.90103982906893,999.0,24.47808875602882,7.22570619989254,24.47808875602882,17.252382556136283,False,False,False
6.9,S1,1001,FULL_DRA,138,18.197903463801392,-1.529470174316529,0.0,0.0,-0.0,25.11259492856995,-1.7812198128718486,0.25,True,6.919272789351197,13.678490044155875,999.0,24.486861630588848,7.226192913936028,24.486861630588848,17.26066871665282,False,False,False
6.95,S1,1001,FULL_DRA,139,18.197903463801392,-1.529470174316529,0.0,0.0,-0.0,25.11259492856995,-1.7687198128718487,0.25,True,6.918829268199354,13.456021754098872,999.0,24.495212381525775,7.226656138172441,24.495212381525775,17.268556243353334,False,False,False
7.0,S1,1001,FULL_DRA,140,18.197903463801392,-1.529470174316529,0.0,0.0,-0.0,25.11259492856995,-1.7562198128718487,0.25,True,6.9184083033258545,13.233639068883992,999.0,24.503140574879254,7.227095859023488,24.503140574879254,17.276044715855765,False,False,False
7.050000000000001,S1,1001,FULL_DRA,141,18.197903463801392,-1.529470174316529,0.0,0.0,-0.0,25.11259492856995,-1.7437198128718487,0.25,True,6.918009898848385,13.011346377842818,999.0,24.51064579855642,7.2275120635955314,24.51064579855642,17.28313373496089,False,False,False
7.1000000000000005,S1,1001,FULL_DRA,142,18.197903463801392,-1.529470174316529,0.0,0.0,-0.0,25.11259492856995,-1.7312198128718488,0.25,True,6.9176340586648815,12.789148373637477,999.0,24.517727662367452,7.227904739680623,24.517727662367452,17.28982292268683,False,False,False
7.15,S1,1001,FULL_DRA,143,18.197903463801392,-1.529470174316529,0.0,0.0,-0.0,25.11259492856995,-1.7187198128718488,0.25,True,6.917280786453336,12.567050078742616,999.0,24.524385798059527,7.228273875757508,24.524385798059527,17.296111922302018,False,False,False
7.2,S1,1001,FULL_DRA,144,18.197903463801392,-1.529470174316529,0.0,0.0,-0.0,25.11259492856995,-1.7062198128718489,0.25,True,6.916950085671617,12.345056874730691,999.0,24.53061985934864,7.228619460992559,24.53061985934864,17.302000398356082,False,False,False
7.25,S1,1001,FULL_DRA,145,18.197903463801392,-1.529470174316529,0.0,0.0,-0.0,25.11259492856995,-1.693719812871849,0.25,True,6.916641959557305,12.123174534710213,999.0,24.536429521949593,7.228941485240652,24.536429521949593,17.30748803670894,False,False,False
7.300000000000001,S1,1001,FULL_DRA,146,18.197903463801392,-1.529470174316529,0.0,0.0,-0.0,25.11259492856995,-1.681219812871849,0.25,True,6.916356411127526,11.901409259317019,999.0,24.541814483604238,7.229239939046004,24.541814483604238,17.312574544558235,False,False,False
7.3500000000000005,S1,1001,FULL_DRA,147,18.197903463801392,-1.529470174316529,0.0,0.0,-0.0,25.11259492856995,-1.668719812871849,0.25,True,6.916093443178811,11.679767716717125,999.0,24.54677446410758,7.229514813642937,24.54677446410758,17.317259650464642,False,False,False
7.4,S1,1001,FULL_DRA,148,18.197903463801392,-1.529470174316529,0.0,0.0,-0.0,25.11259492856995,-1.656219812871849,0.25,True,6.915853058286958,11.458257087148038,999.0,24.551309205332025,7.229766100956589,24.551309205332025,17.321543104375436,False,False,False
7.45,S1,1001,FULL_DRA,149,18.197903463801392,-1.529470174316529,0.0,0.0,-0.0,25.11259492856995,-1.643719812871849,0.25,True,6.9156352588069,11.236885112605224,999.0,24.55541847124998,7.229993793603583,24.55541847124998,17.325424677646396,False,False,False
7.5,S1,1001,FULL_DRA,150,18.197903463801392,-1.529470174316529,0.0,0.0,-0.0,25.11259492856995,-1.6312198128718491,0.25,True,6.915440046872599,11.015660152373965,999.0,24.559102047954113,7.230197884892622,24.559102047954113,17.32890416306149,False,False,False
7.550000000000001,S1,1001,FULL_DRA,151,18.197903463801392,-1.529470174316529,0.0,0.0,-0.0,25.11259492856995,-1.6187198128718492,0.25,True,6.9152674243969345,10.79459124521676,999.0,24.56235974367601,7.230378368825034,24.56235974367601,17.331981374850976,False,False,False
7.6000000000000005,S1,1001,FULL_DRA,152,18.197903463801392,-1.529470174316529,0.0,0.0,-0.0,25.11259492856995,-1.6062198128718492,0.25,True,6.915117393071612,10.573688179155889,999.0,24.565191388802802,7.230535240095266,24.565191388802802,17.334656148707538,False,False,False
7.65,S1,1001,FULL_DRA,153,18.197903463801392,-1.529470174316529,0.0,0.0,-0.0,25.11259492856995,-1.5937198128718493,0.25,True,6.914989954367081,10.352961569943727,999.0,24.56759683589191,7.230668494091316,24.56759683589191,17.336928341800594,False,False,False
7.7,S1,1001,FULL_DRA,154,18.197903463801392,-1.529470174316529,0.0,0.0,-0.0,25.11259492856995,-1.5812198128718493,0.25,True,6.914885109532461,10.132422949494478,999.0,24.569575959683725,7.230778126895108,24.569575959683725,17.338797832788618,False,False,False
7.75,S1,1001,FULL_DRA,155,18.197903463801392,-1.529470174316529,0.0,0.0,-0.0,25.11259492856995,-1.5687198128718494,0.25,True,6.9148028595954845,9.912084865766287,999.0,24.571128657112656,7.230864135282809,24.571128657112656,17.340264521829845,False,False,False
7.800000000000001,S1,1001,FULL_DRA,156,18.197903463801392,-1.529470174316529,0.0,0.0,-0.0,25.11259492856995,-1.5562198128718494,0.25,True,6.914743205362438,9.691960995838963,999.0,24.572254847315957,7.230926516725105,24.572254847315957,17.34132833059085,False,False,False
7.8500000000000005,S1,1001,FULL_DRA,157,18.197903463801392,-1.529470174316529,0.0,0.0,-0.0,25.11259492856995,-1.5437198128718495,0.25,True,6.914706147418133,9.472066274238927,999.0,24.572954471640745,7.23096526938739,24.572954471640745,17.341989202253355,False,False,False
7.9,S1,1001,FULL_DRA,158,18.197903463801392,-1.529470174316529,0.0,0.0,-0.0,25.11259492856995,-1.5312198128718495,0.25,True,6.91469168612587,9.252417038930162,999.0,24.57322749364915,7.230980392129928,24.57322749364915,17.34224710151922,False,False,False
7.95,S1,1001,FULL_DRA,159,18.197903463801392,-1.529470174316529,0.0,0.0,-0.0,25.11259492856995,-1.5187198128718495,0.25,True,6.914699821627425,9.033031197831429,999.0,24.57307389912141,7.230971884507943,24.57307389912141,17.342102014613467,False,False,False
8.0,S1,1001,FULL_DRA,160,18.197903463801392,-1.529470174316529,0.0,0.0,-0.0,25.11259492856995,-1.5062198128718496,0.25,True,6.9147305538430395,8.813928419252484,999.0,24.572493696057197,7.230939746771653,24.572493696057197,17.341553949285544,False,False,False
8.05,S1,1001,FULL_DRA,161,18.197903463801392,-1.529470174316529,0.0,0.0,-0.0,25.11259492856995,-1.4937198128718496,0.25,True,6.914783882471425,8.595130350286569,999.0,24.57148691467479,7.230883979866253,24.57148691467479,17.340602934808537,False,False,False
8.1,S1,1001,FULL_DRA,162,18.197903463801392,-1.529470174316529,0.0,0.0,-0.0,25.11259492856995,-1.4812198128718497,0.25,True,6.914859806989777,8.37666086797884,999.0,24.570053607408624,7.230804585431839,24.570053607408624,17.339249021976784,False,False,False
8.15,S1,1001,FULL_DRA,163,18.197903463801392,-1.529470174316529,0.0,0.0,-0.0,25.11259492856995,-1.4687198128718497,0.25,True,6.914958326653807,8.158546369043858,999.0,24.568193848904578,7.2307015658032645,24.568193848904578,17.337492283101312,False,False,False
8.200000000000001,S1,1001,FULL_DRA,164,18.197903463801392,-1.529470174316529,0.0,0.0,-0.0,25.11259492856995,-1.4562198128718498,0.25,True,6.915079440497769,7.940816105070651,999.0,24.56590773601352,7.230574924009961,24.56590773601352,17.33533281200356,False,False,False
8.25,S1,1001,FULL_DRA,165,18.197903463801392,-1.529470174316529,0.0,0.0,-0.0,25.11259492856995,-1.4437198128718498,0.25,True,6.915223147334514,7.7235025715837065,999.0,24.563195387783097,7.230424663775687,24.563195387783097,17.33277072400741,False,False,False
8.3,S1,1001,FULL_DRA,166,18.197903463801392,-1.529470174316529,0.0,0.0,-0.0,25.11259492856995,-1.4312198128718499,0.25,True,6.915389445755544,7.50664196108825,999.0,24.560056945447094,7.230250789518222,24.560056945447094,17.32980615592887,False,False,False
8.35,S1,1001,FULL_DRA,167,18.197903463801392,-1.529470174316529,0.0,0.0,-0.0,25.11259492856995,-1.41871981287185,0.25,True,6.915578334131086,7.290274692402307,999.0,24.5564925724134,7.230053306349005,24.5564925724134,17.326439266064398,False,False,False
8.4,S1,1001,FULL_DRA,168,18.197903463801392,-1.529470174316529,0.0,0.0,-0.0,25.11259492856995,-1.40621981287185,0.25,True,6.915789810610167,7.074446031272856,999.0,24.552502454249748,7.22983222007272,24.552502454249748,17.32267023417703,False,False,False
8.450000000000001,S1,1001,FULL_DRA,169,18.197903463801392,-1.529470174316529,0.0,0.0,-0.0,25.11259492856995,-1.39371981287185,0.25,True,6.9160238731207055,6.859206820624597,999.0,24.54808679866761,7.2295875371868235,24.54808679866761,17.318499261480788,False,False,False
8.5,S1,1001,FULL_DRA,170,18.197903463801392,-1.529470174316529,0.0,0.0,-0.0,25.11259492856995,-1.38121981287185,0.25,True,6.916280519369615,6.644614342970833,999.0,24.543245835504248,7.229319264881011,24.543245835504248,17.313926570623238,False,False,False
8.55,S1,1001,FULL_DRA,171,18.197903463801392,-1.529470174316529,0.0,0.0,-0.0,25.11259492856995,-1.36871981287185,0.25,True,6.916559746842917,6.4307333427475,999.0,24.537979816702652,7.229027411036627,24.537979816702652,17.308952405666027,False,False,False
8.6,S1,1001,FULL_DRA,172,18.197903463801392,-1.529470174316529,0.0,0.0,-0.0,25.11259492856995,-1.3562198128718501,0.25,True,6.916861552805859,6.217637242895017,999.0,24.53228901628976,7.228711984226033,24.53228901628976,17.30357703206373,False,False,False
8.65,S1,1001,FULL_DRA,173,18.197903463801392,-1.529470174316529,0.0,0.0,-0.0,25.11259492856995,-1.3437198128718502,0.25,True,6.917185934303053,6.00540959826604,999.0,24.526173730352713,7.2283729937119,24.526173730352713,17.297800736640813,False,False,False
8.700000000000001,S1,1001,FULL_DRA,174,18.197903463801392,-1.529470174316529,0.0,0.0,-0.0,25.11259492856995,-1.3312198128718502,0.25,True,6.917532888158618,5.7941458388322085,999.0,24.519634277013157,7.228010449446454,24.519634277013157,17.291623827566703,False,False,False
8.75,S1,1001,FULL_DRA,175,18.197903463801392,-1.529470174316529,0.0,0.0,-0.0,25.11259492856995,-1.3187198128718502,0.25,True,6.917902410976338,5.583955368765703,999.0,24.51267099639963,7.227624362070669,24.51267099639963,17.285046634328964,False,False,False
8.8,S1,1001,FULL_DRA,176,18.197903463801392,-1.529470174316529,0.0,0.0,-0.0,25.11259492856995,-1.3062198128718503,0.25,True,6.918294499139823,5.37496410398042,999.0,24.50528425061815,7.227214742913399,24.50528425061815,17.27806950770475,False,False,False
8.85,S1,1001,FULL_DRA,177,18.197903463801392,-1.529470174316529,0.0,0.0,-0.0,25.11259492856995,-1.2937198128718503,0.25,True,6.918709148812693,5.167317551475694,999.0,24.497474423720703,7.226781603990451,24.497474423720703,17.27069281973025,False,False,False
8.9,S1,1001,FULL_DRA,178,18.197903463801392,-1.529470174316529,0.0,0.0,-0.0,25.11259492856995,-1.2812198128718504,0.25,True,6.919146355938756,4.961184559810237,999.0,24.48924192167211,7.226324958003615,24.48924192167211,17.262916963668495,False,False,False
8.950000000000001,S1,1001,FULL_DRA,179,18.197903463801392,-1.529470174316529,0.0,0.0,-0.0,25.11259492856995,-1.2687198128718504,0.25,True,6.919606116242217,4.756761902303942,999.0,24.48058717231478,7.225844818339625,24.48058717231478,17.254742353975157,False,False,False
9.0,S1,1001,FULL_DRA,180,18.197903463801392,-1.529470174316529,0.0,0.0,-0.0,25.11259492856995,-1.2562198128718505,0.25,True,6.920088425227875,4.554279894112894,999.0,24.471510625331675,7.225341199069075,24.471510625331675,17.2461694262626,False,False,False
9.05,S1,1001,FULL_DRA,181,18.197903463801392,-1.529470174316529,0.0,0.0,-0.0,25.11259492856995,-1.2437198128718505,0.25,True,6.920593278181353,4.354009291748432,999.0,24.462012752207364,7.2248141149452705,24.462012752207364,17.237198637262093,False,False,False
9.1,S1,1001,FULL_DRA,182,18.197903463801392,-1.529470174316529,0.0,0.0,-0.0,25.11259492856995,-1.2312198128718506,0.25,True,6.921120670169322,4.156269778460298,999.0,24.452094046187145,7.224263581403035,24.452094046187145,17.227830464784113,False,False,False
9.15,S1,1001,FULL_DRA,183,18.197903463801392,-1.529470174316529,0.0,0.0,-0.0,25.11259492856995,-1.2187198128718506,0.25,True,6.921670596039742,3.9614403983971727,999.0,24.441755022234478,7.223689614557456,24.441755022234478,17.218065407677024,False,False,False
9.200000000000001,S1,1001,FULL_DRA,184,18.197903463801392,-1.529470174316529,0.0,0.0,-0.0,25.11259492856995,-1.2062198128718506,0.25,True,6.922243050422115,3.769972359151176,999.0,24.43099621698631,7.223092231202576,24.43099621698631,17.207903985783734,False,False,False
9.25,S1,1001,FULL_DRA,185,18.197903463801392,-1.529470174316529,0.0,0.0,-0.0,25.11259492856995,-1.1937198128718507,0.25,True,6.922838027727746,3.5824046599281076,999.0,24.419818188706714,7.222471448810032,24.419818188706714,17.19734673989668,False,False,False
9.3,S1,1001,FULL_DRA,186,18.197903463801392,-1.529470174316529,0.0,0.0,-0.0,25.11259492856995,-1.1812198128718507,0.25,True,6.923455522150013,3.399382989041593,999.0,24.408221517238594,7.2218272855276435,24.408221517238594,17.18639423171095,False,False,False
9.35,S1,1001,FULL_DRA,187,18.197903463801392,-1.529470174316529,0.0,0.0,-0.0,25.11259492856995,-1.1687198128718508,0.25,True,6.924095527664651,3.221682210413699,999.0,24.396206803953557,7.221159760177938,24.396206803953557,17.17504704377562,False,False,False
9.4,S1,1001,FULL_DRA,188,18.197903463801392,-1.529470174316529,0.0,0.0,-0.0,25.11259492856995,-1.1562198128718508,0.25,True,6.924758038030046,3.0502324212438037,999.0,24.38377467169994,7.22046889225663,24.38377467169994,17.16330577944331,False,False,False
9.450000000000001,S1,1001,FULL_DRA,189,18.197903463801392,-1.529470174316529,0.0,0.0,-0.0,25.11259492856995,-1.1437198128718509,0.25,True,6.925443046787538,2.88614784484745,999.0,24.370925764748964,7.219754701931047,24.370925764748964,17.151171062817916,False,False,False
9.5,S1,1001,FULL_DRA,190,18.197903463801392,-1.529470174316529,0.0,0.0,-0.0,25.11259492856995,-1.131219812871851,0.25,True,6.926150547261731,2.7307564777966418,999.0,24.357660748739146,7.219017210038499,24.357660748739146,17.13864353870065,False,False,False
9.55,S1,1001,FULL_DRA,191,18.197903463801392,-1.529470174316529,0.0,0.0,-0.0,25.11259492856995,-1.118719812871851,0.25,True,6.926880532560822,2.585626133016733,999.0,24.343980310618786,7.218256438084595,24.343980310618786,17.12572387253419,False,False,False
9.600000000000001,S1,1001,FULL_DRA,192,18.197903463801392,-1.529470174316529,0.0,0.0,-0.0,25.11259492856995,-1.106219812871851,0.25,True,6.927632995576931,2.4525790626297477,999.0,24.329885158586706,7.217472408241513,24.329885158586706,17.112412750345193,False,False,False
9.65,S1,1001,FULL_DRA,193,18.197903463801392,-1.529470174316529,0.0,0.0,-0.0,25.11259492856995,-1.093719812871851,0.25,True,6.928407928986451,2.3336828441672526,999.0,24.315376022031085,7.216665143346206,24.315376022031085,17.09871087868488,False,False,False
9.700000000000001,S1,1001,FULL_DRA,194,18.197903463801392,-1.529470174316529,0.0,0.0,-0.0,25.11259492856995,-1.081219812871851,0.25,True,6.929205325250396,2.231200837188644,999.0,24.30045365146665,7.215834666898572,24.30045365146665,17.084618984568078,False,False,False
9.75,S1,1001,FULL_DRA,195,18.197903463801392,-1.529470174316529,0.0,0.0,-0.0,25.11259492856995,-1.0687198128718511,0.25,True,6.930025176614769,2.1474842804039462,999.0,24.28511881846992,7.214981003059556,24.28511881846992,17.070137815410362,False,False,False
9.8,S1,1001,FULL_DRA,196,18.197903463801392,-1.529470174316529,0.0,0.0,-0.0,25.11259492856995,-1.0562198128718512,0.25,True,6.930867475110938,2.0847950242872333,999.0,24.26937231561267,7.214104176649212,24.26937231561267,17.05526813896346,False,False,False
9.850000000000001,S1,1001,FULL_DRA,197,18.197903463801392,-1.529470174316529,0.0,0.0,-0.0,25.11259492856995,-1.0437198128718512,0.25,True,6.931732212556021,2.04506768885618,999.0,24.25321495639376,7.213204213144711,24.25321495639376,17.04001074324905,False,False,False
9.9,S1,1001,FULL_DRA,198,18.197903463801392,-1.529470174316529,0.0,0.0,-0.0,25.11259492856995,-1.0312198128718513,0.25,True,6.932619380553278,2.029651056392283,999.0,24.236647575169027,7.212281138678294,24.236647575169027,17.024366436490734,False,False,False
9.950000000000001,S1,1001,FULL_DRA,199,18.197903463801392,-1.529470174316529,0.0,0.0,-0.0,25.11259492856995,-1.0187198128718513,0.25,True,6.933528970492517,2.039096606202135,999.0,24.219671027079507,7.21133498003518,24.219671027079507,17.008336047044327,False,False,False
